X1,X2,X3,X4,X5,X6,X7,X8,X9,X10,X11,X12,X13,X14,X15,X16,X17,X18,X19,X20,X21,X22,X23,X24,X25,X26,X27,X28,X29,X30,X31,X32,X33,X34,X35,X36,X37,X38,X39,X40,X41,X42,X43,X44,X45,X46,X47,X48,X49,X50,X51,X52,X53,X54,X55,X56,X57,X58,X59,X60,X61,X62,X63,X64,X65,X66,X67,X68,X69,X70,X71,X72,X73,X74,X75,X76,X77,X78,X79,X80,X81,X82,X83,X84,X85,X86,X87,X88,X89,X90,X91,X92,X93,X94,X95,X96,X97,X98,X99,X100,X101,X102
,ARC,ARC,ATH,ATH,BBL,BBL,BDM,BDM,BK3,BK3,BKB,BKB,BMF,BMF,BMX,BMX,BOX,BOX,CLB,CLB,CRD,CRD,CSL,CSL,CSP,CSP,CTR,CTR,DIV,DIV,EDR,EDR,EJP,EJP,EVE,EVE,FBL,FBL,FEN,FEN,GAR,GAR,GLF,GLF,GRY,GRY,GTR,GTR,HBL,HBL,HOC,HOC,JUD,JUD,KTE,KTE,MPN,MPN,MTB,MTB,OWS,OWS,ROW,ROW,RU7,RU7,SAL,SAL,SHO,SHO,SKB,SKB,SOF,SOF,SRF,SRF,SWA,SWA,SWM,SWM,TEN,TEN,TKW,TKW,TRI,TRI,TTE,TTE,VBV,VBV,VVO,VVO,WLF,WLF,WPO,WPO,WRE,WRE,Total,Total,Total
,m,w,m,w,m,w,m,w,m,w,m,w,m,w,m,w,m,w,m,w,m,w,m,w,m,w,m,w,m,w,m,w,m,w,m,w,m,w,m,w,m,w,m,w,m,w,m,w,m,w,m,w,m,w,m,w,m,w,m,w,m,w,m,w,m,w,m,w,m,w,m,w,m,w,m,w,m,w,m,w,m,w,m,w,m,w,m,w,m,w,m,w,m,w,m,w,m,w,m,w,all
AFG,-,-,1,1,-,-,-,-,-,-,-,-,-,-,-,-,-,-,-,-,-,-,-,-,-,-,-,-,-,-,-,-,-,-,-,-,-,-,-,-,-,-,-,-,-,-,-,-,-,-,-,-,-,-,-,-,-,-,-,-,-,-,-,-,-,-,-,-,1,-,-,-,-,-,-,-,-,-,1,-,-,-,1,-,-,-,-,-,-,-,-,-,-,-,-,-,-,-,4,1,5
ALB,-,-,1,1,-,-,-,-,-,-,-,-,-,-,-,-,-,-,-,-,-,-,-,-,-,-,-,-,-,-,-,-,-,-,-,-,-,-,-,-,1,-,-,-,-,-,-,-,-,-,-,-,1,-,-,-,-,-,-,-,-,-,-,-,-,-,-,-,-,1,-,-,-,-,-,-,-,-,1,1,-,-,-,-,-,-,-,-,-,-,-,-,2,-,-,-,-,-,6,3,9
ALG,-,-,4,1,-,-,-,-,-,-,-,-,-,-,-,-,5,3,-,-,2,-,-,-,-,1,-,-,-,-,-,-,-,-,-,-,-,-,2,2,-,-,-,-,-,-,-,-,-,-,-,-,-,1,-,1,-,-,-,-,-,1,2,-,-,-,1,1,-,1,-,-,-,-,-,-,-,-,1,1,-,-,-,-,-,-,1,-,-,-,-,-,-,-,-,-,7,-,25,13,38
AND,-,-,1,-,-,-,-,-,-,-,-,-,-,-,-,-,-,-,-,-,-,-,-,1,-,-,-,-,-,-,-,-,-,-,-,-,-,-,-,-,-,-,-,-,-,-,-,-,-,-,-,-,-,-,-,-,-,-,-,-,-,-,-,-,-,-,-,-,-,-,-,-,-,-,-,-,-,-,-,-,-,-,-,-,-,-,-,-,-,-,-,-,-,-,-,-,-,-,1,1,2
ANG,-,-,1,-,-,-,-,-,-,-,-,-,-,-,-,-,-,-,-,-,-,-,-,-,-,-,-,-,-,-,-,-,-,-,-,-,-,-,-,-,-,-,-,-,-,-,-,-,-,14,-,-,-,1,-,-,-,-,-,-,-,-,-,-,-,-,2,-,-,-,-,-,-,-,-,-,-,-,1,1,-,-,-,-,-,-,-,-,-,-,-,-,-,-,-,-,-,-,4,16,20
ANT,-,-,1,1,-,-,-,-,-,-,-,-,-,-,-,-,1,-,-,-,-,-,-,-,-,-,-,-,-,-,-,-,-,-,-,-,-,-,-,-,-,-,-,-,-,-,-,-,-,-,-,-,-,-,-,-,-,-,-,-,-,-,-,-,-,-,-,1,-,-,-,-,-,-,-,-,-,-,1,1,-,-,-,-,-,-,-,-,-,-,-,-,-,-,-,-,-,-,3,3,6
ARG,-,-,2,2,-,-,-,-,-,-,12,-,-,-,1,-,4,1,-,-,1,-,1,-,2,1,-,-,-,-,-,-,4,-,-,-,20,-,-,1,-,1,-,1,-,-,-,-,16,-,18,18,1,1,-,-,1,-,-,1,-,1,-,2,13,-,4,7,2,2,-,-,-,-,1,-,-,-,1,3,6,1,1,-,-,1,2,-,2,2,11,12,-,-,-,-,1,-,127,58,185
ARM,-,-,1,-,-,-,-,-,-,-,-,-,-,-,-,-,3,-,-,-,-,-,-,-,-,-,-,-,-,-,-,-,-,-,-,-,-,-,-,-,1,-,-,-,-,-,-,-,-,-,-,-,1,-,-,-,-,-,-,-,-,-,-,-,-,-,-,-,-,1,-,-,-,-,-,-,-,-,1,1,-,-,-,-,-,-,-,-,-,-,-,-,1,1,-,-,6,-,14,3,17
ARU,-,-,-,-,-,-,-,-,-,-,-,-,-,-,-,-,-,-,-,-,-,-,-,-,-,-,-,-,-,-,-,-,-,-,-,-,-,-,-,-,-,-,-,-,-,-,-,-,-,-,-,-,-,-,-,-,-,-,-,-,-,-,-,-,-,-,-,-,1,-,-,-,-,-,-,-,-,-,1,1,-,-,-,-,-,-,-,-,-,-,-,-,-,-,-,-,-,-,2,1,3
ASA,-,-,1,-,-,-,-,-,-,-,-,-,-,-,-,-,-,-,-,-,-,-,-,-,-,-,-,-,-,-,-,-,-,-,-,-,-,-,-,-,-,-,-,-,-,-,-,-,-,-,-,-,-,-,-,-,-,-,-,-,-,-,-,-,-,-,2,-,-,-,-,-,-,-,-,-,-,-,1,1,-,-,-,-,-,-,-,-,-,-,-,-,1,-,-,-,-,-,5,1,6
AUS,3,1,28,34,-,-,1,3,-,-,12,12,1,1,1,2,3,2,1,1,4,4,2,1,6,8,8,6,3,4,-,3,-,2,3,-,19,19,-,-,1,2,2,2,-,6,1,1,-,-,18,18,1,2,1,-,1,1,1,1,1,1,20,18,13,13,7,6,8,7,3,2,-,15,2,2,-,8,17,18,5,5,2,2,3,3,3,3,2,2,-,-,2,3,13,13,-,-,222,257,479
AUT,-,-,3,4,-,-,1,-,-,-,-,-,-,-,-,-,-,-,1,1,3,1,1,2,-,2,2,-,-,-,2,-,-,-,-,1,-,-,-,-,-,1,2,1,-,-,-,-,-,-,-,-,2,4,-,1,1,-,1,1,-,-,-,3,-,-,3,3,1,1,-,1,-,-,-,-,-,2,5,2,2,-,-,-,2,2,3,3,-,-,-,-,1,1,-,-,-,-,36,37,73
AZE,-,-,1,1,-,-,1,-,-,-,-,-,-,-,-,-,5,-,-,-,1,-,-,-,-,-,-,-,-,-,-,-,-,-,-,-,-,-,-,1,1,1,-,-,-,6,-,-,-,-,-,-,7,2,2,1,-,-,-,-,-,-,-,-,-,-,-,-,2,-,-,-,-,-,-,-,-,-,1,1,-,-,1,1,1,-,-,-,-,-,-,-,-,-,-,-,5,2,28,16,44
BAH,-,-,5,8,-,-,-,-,-,-,-,-,-,-,-,-,-,-,-,-,-,-,-,-,-,-,-,-,-,-,-,-,-,-,-,-,-,-,-,-,-,-,-,-,-,-,-,-,-,-,-,-,-,-,-,-,-,-,-,-,-,-,-,-,-,-,-,-,-,-,-,-,-,-,-,-,-,-,1,1,-,-,-,-,-,-,-,-,-,-,-,-,-,-,-,-,-,-,6,9,15
BAN,1,1,1,-,-,-,-,-,-,-,-,-,-,-,-,-,-,-,-,-,-,-,-,-,-,-,-,-,-,-,-,-,-,-,-,-,-,-,-,-,-,-,-,-,-,-,-,-,-,-,-,-,-,-,-,-,-,-,-,-,-,-,-,-,-,-,-,-,1,-,-,-,-,-,-,-,-,-,1,1,-,-,-,-,-,-,-,-,-,-,-,-,-,-,-,-,-,-,4,2,6
BAR,-,-,3,3,-,-,-,-,-,-,-,-,-,-,-,-,-,-,-,-,-,-,-,-,-,-,-,-,-,-,-,-,-,-,-,-,-,-,-,-,-,-,-,-,-,-,-,-,-,-,-,-,-,-,-,-,-,-,-,-,-,-,-,-,-,-,-,-,-,-,-,-,-,-,-,-,-,-,1,1,-,-,-,-,-,-,-,-,-,-,-,-,-,-,-,-,-,-,4,4,8
BDI,-,-,2,1,-,-,-,-,-,-,-,-,-,-,-,-,-,1,-,-,-,-,-,-,-,-,-,-,-,-,-,-,-,-,-,-,-,-,-,-,-,-,-,-,-,-,-,-,-,-,-,-,-,-,-,-,-,-,-,-,-,-,-,-,-,-,-,-,-,-,-,-,-,-,-,-,-,-,1,1,-,-,-,-,-,-,-,-,-,-,-,-,-,-,-,-,-,-,3,3,6
BEL,1,-,16,12,-,-,-,1,4,-,-,12,-,-,-,1,-,-,-,-,5,3,1,-,1,2,2,2,-,-,1,2,4,-,-,1,-,-,-,-,-,4,2,1,-,-,-,-,-,-,18,-,3,1,-,-,-,-,1,1,-,-,2,-,-,-,1,3,-,1,1,1,-,-,-,-,-,-,1,1,2,2,1,-,2,2,-,-,-,-,-,-,-,2,-,-,-,-,69,54,123
BEN,-,-,1,2,-,-,-,-,-,-,-,-,-,-,-,-,-,-,-,-,-,-,-,-,-,-,-,-,-,-,-,-,-,-,-,-,-,-,-,-,-,-,-,-,-,-,-,-,-,-,-,-,1,-,-,-,-,-,-,-,-,-,1,-,-,-,-,-,-,-,-,-,-,-,-,-,-,-,1,1,-,-,-,-,-,-,-,-,-,-,-,-,-,-,-,-,-,-,4,3,7
BER,-,-,-,-,-,-,-,-,-,-,-,-,-,-,-,-,-,-,-,-,-,-,-,-,-,-,-,-,-,-,-,-,-,-,-,-,-,-,-,-,-,-,-,-,-,-,-,-,-,-,-,-,-,-,-,-,-,-,-,-,-,-,1,-,-,-,-,-,-,-,-,-,-,-,-,-,-,-,-,-,-,-,-,-,-,1,-,-,-,-,-,-,-,-,-,-,-,-,1,1,2
BHU,-,1,-,-,-,-,-,-,-,-,-,-,-,-,-,-,-,-,-,-,-,-,-,-,-,-,-,-,-,-,-,-,-,-,-,-,-,-,-,-,-,-,-,-,-,-,-,-,-,-,-,-,1,-,-,-,-,-,-,-,-,-,-,-,-,-,-,-,-,1,-,-,-,-,-,-,-,-,1,-,-,-,-,-,-,-,-,-,-,-,-,-,-,-,-,-,-,-,2,2,4
BIH,-,-,2,-,-,-,-,-,-,-,-,-,-,-,-,-,-,-,-,-,-,-,-,-,-,-,-,-,-,-,-,-,-,-,-,-,-,-,-,-,-,-,-,-,-,-,-,-,-,-,-,-,-,1,-,-,-,-,-,-,-,-,-,-,-,-,-,-,-,1,-,-,-,-,-,-,-,-,1,1,-,-,1,-,-,-,-,-,-,-,-,-,-,-,-,-,-,-,4,3,7
BIZ,-,-,1,1,-,-,-,-,-,-,-,-,-,-,-,-,-,-,-,-,-,-,-,-,1,-,-,-,-,-,-,-,-,-,-,-,-,-,-,-,-,-,-,-,-,-,-,-,-,-,-,-,-,-,-,-,-,-,-,-,-,-,-,-,-,-,-,-,-,-,-,-,-,-,-,-,-,-,-,-,-,-,-,-,-,-,-,-,-,-,-,-,-,-,-,-,-,-,2,1,3
BLR,-,3,12,18,-,-,-,-,-,-,-,-,-,-,-,-,4,-,-,-,1,1,-,-,5,7,1,1,-,-,-,-,-,-,1,-,-,-,-,-,-,1,-,-,-,7,2,-,-,-,-,-,2,1,-,-,1,2,-,-,-,-,2,3,-,-,1,1,1,2,-,-,-,-,-,-,-,2,4,4,2,1,-,-,-,-,-,-,-,-,-,-,1,1,-,-,5,3,45,58,103
BOL,-,-,1,1,-,-,-,-,-,-,-,-,-,-,-,-,-,-,-,-,-,-,-,-,-,-,-,-,-,-,-,-,-,-,-,-,-,-,-,-,-,-,-,-,-,-,-,-,-,-,-,-,-,-,-,-,-,-,-,-,-,-,-,-,-,-,-,-,-,-,-,-,-,-,-,-,-,-,1,1,1,-,-,-,-,-,-,-,-,-,-,-,-,-,-,-,-,-,3,2,5
BOT,-,-,6,3,-,-,-,-,-,-,-,-,-,-,-,-,1,1,-,-,-,-,-,-,-,-,-,-,-,-,-,-,-,-,-,-,-,-,-,-,-,-,-,-,-,-,-,-,-,-,-,-,-,-,-,-,-,-,-,-,-,-,-,-,-,-,-,-,-,-,-,-,-,-,-,-,-,-,1,-,-,-,-,-,-,-,-,-,-,-,-,-,-,1,-,-,-,-,8,5,13
BRA,1,1,33,20,-,-,1,1,-,-,-,-,-,-,1,1,4,3,-,-,-,-,1,1,3,-,-,-,2,2,1,-,4,-,4,-,18,20,1,1,5,2,-,-,-,5,-,-,16,15,-,-,7,6,-,-,-,1,2,1,-,1,1,-,-,13,7,6,1,-,6,6,-,-,2,2,-,-,16,10,4,2,2,1,1,2,3,3,4,4,12,12,-,2,-,-,1,2,164,146,310
BRN,-,-,8,5,-,-,-,-,-,-,-,-,-,-,-,-,1,-,-,-,-,-,-,-,-,-,-,-,-,-,-,-,-,-,-,-,-,-,-,-,-,-,-,-,-,-,-,-,15,-,-,-,-,-,-,-,-,-,-,-,-,-,-,-,-,-,-,-,-,1,-,-,-,-,-,-,-,-,1,1,-,-,-,-,-,-,-,-,-,-,-,-,-,-,-,-,-,-,25,7,32
BRU,-,-,1,-,-,-,-,-,-,-,-,-,-,-,-,-,-,-,-,-,-,-,-,-,-,-,-,-,-,-,-,-,-,-,-,-,-,-,-,-,-,-,-,-,-,-,-,-,-,-,-,-,-,-,-,-,-,-,-,-,-,-,-,-,-,-,-,-,-,-,-,-,-,-,-,-,-,-,1,-,-,-,-,-,-,-,-,-,-,-,-,-,-,-,-,-,-,-,2,-,2
BUL,-,-,1,4,-,-,-,3,-,-,-,-,-,-,-,-,1,2,-,-,-,-,-,-,-,1,-,-,-,-,-,-,-,-,-,-,-,-,-,-,1,-,-,-,-,7,-,-,-,-,-,-,2,1,-,1,-,-,-,-,-,-,-,-,-,-,-,-,-,3,-,-,-,-,-,-,-,-,4,1,-,-,-,-,-,-,-,1,-,-,-,-,2,-,-,-,3,4,14,28,42
BUR,-,-,1,1,-,-,-,-,-,-,-,-,-,-,-,-,-,-,-,-,1,-,-,-,-,-,-,-,-,-,-,-,-,-,-,-,-,-,-,-,-,-,-,-,-,-,-,-,-,-,-,-,1,-,-,-,-,-,-,-,-,-,-,-,-,-,-,-,-,-,-,-,-,-,-,-,-,-,1,1,-,-,1,-,-,-,-,-,-,-,-,-,-,-,-,-,-,-,5,2,7
CAF,-,-,1,-,-,-,-,-,-,-,-,-,-,-,-,-,-,-,-,-,-,-,-,-,-,-,-,-,-,-,-,-,-,-,-,-,-,-,-,-,-,-,-,-,-,-,-,-,-,-,-,-,-,-,-,-,-,-,-,-,-,-,-,-,-,-,-,-,-,-,-,-,-,-,-,-,-,-,-,1,-,-,-,-,-,-,-,-,-,-,-,-,-,-,-,-,-,-,1,1,2
CAM,-,-,1,-,-,-,-,-,-,-,-,-,-,-,-,-,-,-,-,-,-,-,-,-,-,-,-,-,-,-,-,-,-,-,-,-,-,-,-,-,-,-,-,-,-,-,-,-,-,-,-,-,-,-,-,-,-,-,-,-,-,-,-,-,-,-,-,-,-,-,-,-,-,-,-,-,-,-,1,1,-,-,-,-,-,-,-,-,-,-,-,-,-,-,-,-,-,-,2,1,3
CAN,1,1,23,32,-,-,4,4,-,-,-,12,-,-,1,1,1,4,1,1,3,3,2,2,8,6,6,7,4,6,1,2,1,-,-,1,-,21,6,5,1,4,2,2,-,-,-,2,-,-,17,-,3,3,1,-,-,-,1,2,1,1,9,20,13,13,5,4,-,1,3,1,-,15,-,-,-,8,9,15,1,3,-,2,3,2,2,1,-,4,12,-,1,4,-,13,2,2,148,230,378
CAY,-,-,1,1,-,-,-,-,-,-,-,-,-,-,-,-,-,-,-,-,-,-,-,-,-,-,-,-,-,-,-,-,-,-,-,-,-,-,-,-,-,1,-,-,-,-,-,-,-,-,-,-,-,-,-,-,-,-,-,-,-,-,-,-,-,-,-,-,-,-,-,-,-,-,-,-,-,-,1,1,-,-,-,-,-,-,-,-,-,-,-,-,-,-,-,-,-,-,2,3,5
CGO,-,-,1,1,-,-,-,-,-,-,-,-,-,-,-,-,-,-,-,-,-,-,-,-,-,-,-,-,-,-,-,-,-,-,-,-,-,-,-,-,-,-,-,-,-,-,-,-,-,-,-,-,-,-,-,-,-,-,-,-,-,-,-,-,-,-,-,-,-,-,-,-,-,-,-,-,-,-,-,1,-,-,-,-,-,-,-,-,-,-,-,-,-,-,-,-,-,-,1,2,3
CHA,-,1,1,-,-,-,-,-,-,-,-,-,-,-,-,-,-,-,-,-,-,-,-,-,-,-,-,-,-,-,-,-,-,-,-,-,-,-,-,-,-,-,-,-,-,-,-,-,-,-,-,-,-,1,-,-,-,-,-,-,-,-,-,-,-,-,-,-,-,-,-,-,-,-,-,-,-,-,-,-,-,-,-,-,-,-,-,-,-,-,-,-,-,-,-,-,-,-,1,2,3
CHI,1,-,2,1,-,-,-,-,-,-,-,-,-,1,-,-,-,-,-,-,-,1,-,-,-,2,-,-,-,-,-,1,1,-,-,-,-,17,-,1,1,1,2,-,-,-,-,-,-,-,-,-,-,1,-,-,1,-,1,-,-,-,2,-,-,-,1,-,-,1,-,1,-,-,1,-,-,-,1,1,1,-,-,-,1,1,-,1,2,-,-,-,1,-,-,-,1,-,20,31,51
CHN,3,3,22,26,-,-,6,8,4,4,-,12,-,-,-,-,3,3,1,1,1,1,1,2,6,9,1,3,5,5,-,-,4,-,3,-,-,18,5,9,6,6,2,2,-,5,2,2,-,-,-,18,-,6,-,2,2,2,1,1,-,1,7,21,-,13,5,7,10,14,-,2,-,-,-,-,-,8,11,18,-,5,2,4,-,1,3,4,-,4,-,12,4,4,-,13,5,6,125,285,410
CIV,-,-,1,2,-,-,-,-,-,-,-,-,-,-,-,-,-,-,-,-,-,-,-,-,-,-,-,-,-,-,-,-,-,-,-,-,16,-,-,-,-,-,-,-,-,-,-,-,-,-,-,-,-,1,-,-,-,-,-,-,-,-,1,-,-,-,-,-,-,-,-,-,-,-,-,-,-,-,-,1,-,-,2,2,-,-,-,-,-,-,-,-,-,-,-,-,-,-,20,6,26
CMR,-,-,1,-,-,-,-,-,-,-,-,-,-,-,-,-,3,-,-,-,-,-,-,-,-,-,-,-,-,-,-,-,-,-,-,-,-,-,-,-,-,-,-,-,-,-,-,-,-,-,-,-,-,2,-,-,-,-,-,-,-,-,-,-,-,-,-,-,-,-,-,-,-,-,-,-,-,-,1,1,-,-,-,-,-,-,-,1,-,-,-,-,-,2,-,-,-,1,5,7,12
COD,-,-,1,-,-,-,-,-,-,-,-,-,-,-,-,-,2,2,-,-,-,-,-,-,-,-,-,-,-,-,-,-,-,-,-,-,-,-,-,-,-,-,-,-,-,-,-,-,-,-,-,-,-,1,-,-,-,-,-,-,-,-,-,-,-,-,-,-,-,-,-,-,-,-,-,-,-,-,-,-,-,-,-,-,-,-,-,-,-,-,-,-,-,-,-,-,-,-,3,3,6
COK,-,-,1,-,-,-,-,-,-,-,-,-,-,-,-,-,-,-,-,-,-,-,-,1,1,1,-,-,-,-,-,-,-,-,-,-,-,-,-,-,-,-,-,-,-,-,-,-,-,-,-,-,-,-,-,-,-,-,-,-,-,-,-,-,-,-,-,-,-,-,-,-,-,-,-,-,-,-,1,1,-,-,-,-,-,-,-,-,-,-,-,-,-,-,-,-,-,-,3,3,6
COL,1,1,15,8,-,-,-,-,-,-,-,-,-,-,2,1,4,2,-,-,4,1,-,-,-,-,1,-,3,-,-,-,1,-,-,-,-,-,-,1,-,-,1,1,-,-,1,-,-,-,-,-,-,1,-,-,-,-,-,-,-,-,-,-,-,-,-,-,1,-,1,-,-,-,-,-,-,2,1,1,3,1,1,1,-,-,-,-,-,-,-,-,2,1,-,-,3,-,45,22,67
COM,-,-,1,1,-,-,-,-,-,-,-,-,-,-,-,-,-,-,-,-,-,-,-,-,-,-,-,-,-,-,-,-,-,-,-,-,-,-,-,-,-,-,-,-,-,-,-,-,-,-,-,-,1,-,-,-,-,-,-,-,-,-,-,-,-,-,-,-,-,-,-,-,-,-,-,-,-,-,-,-,-,-,-,-,-,-,-,-,-,-,-,-,-,-,-,-,-,-,2,1,3
CPV,-,-,1,-,-,-,-,-,-,-,-,-,-,-,-,-,1,-,-,-,-,-,-,-,-,-,-,-,-,-,-,-,-,-,-,-,-,-,-,-,-,-,-,-,-,1,-,-,-,-,-,-,-,1,-,-,-,-,-,-,-,-,-,-,-,-,-,-,-,-,-,-,-,-,-,-,-,-,1,1,-,-,-,-,-,-,-,-,-,-,-,-,-,-,-,-,-,-,3,3,6
CRC,-,-,1,2,-,-,-,-,-,-,-,-,1,-,-,-,-,-,-,-,1,1,-,-,-,-,-,-,-,-,-,-,-,-,-,-,-,-,-,-,-,1,-,-,-,-,-,-,-,-,-,-,1,-,-,-,-,-,-,-,-,-,-,-,-,-,-,-,-,-,-,-,-,-,-,2,-,-,1,1,-,-,-,1,-,-,-,-,-,-,-,-,-,-,-,-,-,-,5,8,13
CRO,-,-,1,6,-,-,-,-,-,-,-,-,-,-,-,-,1,1,-,-,1,-,1,-,-,2,-,-,-,-,-,-,-,-,-,-,-,-,-,-,1,1,-,-,-,-,-,-,-,-,-,-,-,3,1,-,-,-,-,-,-,-,3,-,-,-,3,1,3,1,-,-,-,-,-,-,-,-,1,1,4,2,2,2,-,-,3,-,-,-,-,-,-,-,13,-,2,-,40,20,60
CUB,-,-,5,11,-,-,-,-,-,-,-,-,-,-,-,-,7,-,-,-,-,1,-,-,3,2,-,-,-,-,-,-,-,-,-,-,-,-,-,-,-,1,-,-,-,-,-,-,-,-,-,-,3,3,-,-,1,1,-,-,-,-,-,1,-,-,-,-,3,2,-,-,-,-,-,-,-,-,1,1,-,-,1,-,-,-,1,1,-,2,-,-,1,3,-,-,9,3,35,32,67
CYP,-,-,2,1,-,-,-,-,-,-,-,-,-,-,-,-,-,-,-,-,-,1,-,-,-,-,-,-,-,-,-,-,-,-,-,-,-,-,-,-,1,-,-,-,-,-,-,-,-,-,-,-,-,-,-,-,-,-,-,-,-,-,-,-,-,-,2,2,3,1,-,-,-,-,-,-,-,-,1,1,-,-,-,-,-,-,-,-,-,-,-,-,-,-,-,-,-,-,9,6,15
CZE,-,1,12,14,-,-,-,-,-,-,12,-,-,-,-,-,-,-,1,-,2,1,2,2,4,-,1,-,-,-,-,-,3,1,2,-,-,-,2,-,1,1,1,1,-,-,-,-,-,-,-,-,2,-,-,-,2,-,1,1,1,-,5,2,-,-,1,-,6,2,-,-,-,-,-,-,-,-,3,5,1,5,-,-,-,2,1,1,2,-,-,-,1,-,-,-,1,-,70,39,109
DEN,-,1,7,6,-,-,5,4,-,-,-,-,-,-,-,1,-,-,-,-,4,2,-,-,-,4,5,2,-,-,-,3,1,-,1,-,-,-,-,-,-,-,2,2,-,-,-,-,15,-,-,-,-,1,-,-,-,-,1,2,-,-,3,6,-,-,3,5,2,2,1,-,-,-,-,-,-,-,3,8,-,-,-,-,-,-,1,-,-,-,-,-,-,-,-,-,1,-,55,49,104
DJI,-,-,1,1,-,-,-,-,-,-,-,-,-,-,-,-,-,-,-,-,-,-,-,-,-,-,-,-,-,-,-,-,-,-,-,-,-,-,-,-,-,-,-,-,-,-,-,-,-,-,-,-,1,-,-,-,-,-,-,-,-,-,-,-,-,-,-,-,-,-,-,-,-,-,-,-,-,-,1,-,-,-,-,-,-,-,-,-,-,-,-,-,-,-,-,-,-,-,3,1,4
DMA,-,-,1,1,-,-,-,-,-,-,-,-,-,-,-,-,-,-,-,-,-,-,-,-,-,-,-,-,-,-,-,-,-,-,-,-,-,-,-,-,-,-,-,-,-,-,-,-,-,-,-,-,-,-,-,-,-,-,-,-,-,-,-,-,-,-,-,-,-,-,-,-,-,-,-,-,-,-,-,-,-,-,-,-,-,-,-,-,-,-,-,-,-,-,-,-,-,-,1,1,2
DOM,-,-,4,3,24,-,-,-,-,-,-,-,-,-,-,-,5,2,-,-,-,-,-,-,-,-,-,-,1,-,-,1,1,-,-,-,-,-,-,-,-,-,-,-,-,-,-,-,-,-,-,-,1,-,-,-,-,-,-,-,-,-,1,-,-,-,-,-,-,-,-,-,-,-,-,-,-,-,1,1,-,-,2,1,-,-,-,-,-,-,-,12,2,3,-,-,-,-,42,23,65
ECU,-,1,7,9,-,-,-,-,-,-,-,-,-,-,1,1,2,2,-,-,2,-,-,-,-,-,-,-,-,-,-,-,-,-,1,-,-,-,-,-,-,-,-,1,-,-,-,-,-,-,-,-,1,2,-,-,-,1,-,-,1,1,-,-,-,-,-,-,-,2,-,-,-,-,-,1,-,-,1,1,-,-,-,-,-,1,1,-,-,-,-,-,-,4,-,-,-,2,17,29,46
EGY,1,1,4,-,-,-,1,2,-,-,-,-,-,-,-,-,2,-,-,-,-,-,-,-,1,1,-,1,1,1,-,-,4,-,-,-,18,-,9,5,1,2,-,-,-,6,1,1,15,-,-,-,3,-,2,3,2,2,-,-,-,-,1,-,-,-,1,1,7,4,-,-,-,-,-,-,-,8,3,1,1,1,2,2,-,1,3,3,-,-,-,-,-,-,-,-,6,2,89,48,137
EOR,-,-,5,2,-,-,1,-,-,-,-,-,-,-,-,-,2,-,-,-,1,1,-,-,1,-,-,-,-,-,-,-,-,-,-,-,-,-,-,-,-,-,-,-,-,-,-,-,-,-,-,-,3,3,2,-,-,-,-,-,-,-,-,-,-,-,-,-,-,1,-,-,-,-,-,-,-,-,1,1,-,-,1,2,-,-,-,-,-,-,-,-,1,-,-,-,1,-,19,10,29
ERI,-,-,5,4,-,-,-,-,-,-,-,-,-,-,-,-,-,-,-,-,2,1,-,-,-,-,-,-,-,-,-,-,-,-,-,-,-,-,-,-,-,-,-,-,-,-,-,-,-,-,-,-,-,-,-,-,-,-,-,-,-,-,-,-,-,-,-,-,-,-,-,-,-,-,-,-,-,-,1,-,-,-,-,-,-,-,-,-,-,-,-,-,-,-,-,-,-,-,8,5,13
ESA,-,-,1,-,-,-,-,-,-,-,-,-,-,-,-,-,-,1,-,-,-,-,-,-,-,-,-,-,-,-,-,-,-,-,-,-,-,-,-,-,-,-,-,-,-,-,-,-,-,-,-,-,-,-,-,-,-,-,-,-,-,-,-,-,-,-,1,-,-,-,-,-,-,-,-,-,-,-,1,1,-,-,-,-,-,-,-,-,-,-,-,-,-,-,-,-,-,-,3,2,5
ESP,1,1,31,21,-,-,1,1,-,-,12,11,-,-,-,-,4,-,1,-,5,2,2,2,8,3,2,-,2,-,2,1,1,-,1,-,20,-,1,-,5,4,2,2,-,-,-,-,16,15,18,17,3,4,1,1,1,-,2,1,1,1,4,2,-,-,8,7,1,1,2,2,-,-,-,-,-,8,3,6,4,4,3,1,3,2,1,2,2,2,-,-,3,1,13,13,-,-,190,138,328
EST,-,1,6,1,-,-,1,1,-,-,-,-,-,-,-,-,-,-,-,-,2,-,-,-,-,-,-,-,-,-,-,1,-,-,-,-,-,-,-,4,-,-,-,-,-,-,-,-,-,-,-,-,1,-,-,-,-,-,-,1,-,-,4,-,-,-,1,1,1,-,-,-,-,-,-,-,-,-,2,1,-,1,-,-,-,1,-,-,-,-,-,-,-,-,-,-,1,1,19,14,33
ETH,-,-,15,18,-,-,-,-,-,-,-,-,-,-,-,-,-,-,-,-,-,1,-,-,-,-,-,-,-,-,-,-,-,-,-,-,-,-,-,-,-,-,-,-,-,-,-,-,-,-,-,-,-,-,-,-,-,-,-,-,-,-,-,-,-,-,-,-,-,-,-,-,-,-,-,-,-,-,1,-,-,-,1,-,-,-,-,-,-,-,-,-,-,-,-,-,-,-,17,19,36
FIJ,-,-,1,-,-,-,-,-,-,-,-,-,-,-,-,-,-,-,-,-,-,-,-,-,-,-,-,-,-,-,-,-,-,-,-,-,-,-,-,-,-,-,-,-,-,-,-,-,-,-,-,-,1,-,-,-,-,-,-,-,-,-,-,-,13,13,-,1,-,-,-,-,-,-,-,-,-,-,1,1,-,-,-,-,-,-,-,1,-,-,-,-,-,-,-,-,-,-,16,16,32
FIN,1,-,9,12,-,-,1,-,-,-,-,-,-,-,-,-,-,1,-,-,-,-,-,-,-,-,-,-,-,-,1,-,-,-,-,-,-,-,-,-,-,-,2,2,-,-,-,-,-,-,-,-,-,-,-,-,-,-,-,-,-,-,-,-,-,-,2,3,2,1,-,1,-,-,-,-,-,-,2,3,-,-,-,-,-,-,-,-,-,-,-,-,-,-,-,-,2,-,22,23,45
FRA,3,1,40,15,-,-,2,2,-,4,12,12,1,-,3,2,4,1,2,2,5,1,2,2,4,4,5,7,2,1,1,2,3,1,3,-,17,-,9,9,3,4,2,2,-,-,1,1,16,16,-,-,6,7,1,2,2,2,2,2,2,1,4,8,-,12,7,7,4,6,3,2,-,-,2,2,-,2,15,10,6,4,-,2,3,2,3,3,-,-,12,-,1,3,-,-,-,2,212,168,380
FSM,-,-,1,-,-,-,-,-,-,-,-,-,-,-,-,-,-,-,-,-,-,-,-,-,-,-,-,-,-,-,-,-,-,-,-,-,-,-,-,-,-,-,-,-,-,-,-,-,-,-,-,-,-,-,-,-,-,-,-,-,-,-,-,-,-,-,-,-,-,-,-,-,-,-,-,-,-,-,1,1,-,-,-,-,-,-,-,-,-,-,-,-,-,-,-,-,-,-,2,1,3
GAB,-,-,1,-,-,-,-,-,-,-,-,-,-,-,-,-,-,-,-,-,-,-,-,-,-,-,-,-,-,-,-,-,-,-,-,-,-,-,-,-,-,-,-,-,-,-,-,-,-,-,-,-,-,1,-,-,-,-,-,-,-,-,-,-,-,-,-,-,-,-,-,-,-,-,-,-,-,-,1,1,-,-,1,-,-,-,-,-,-,-,-,-,-,-,-,-,-,-,3,2,5
GAM,-,-,1,1,-,-,-,-,-,-,-,-,-,-,-,-,-,-,-,-,-,-,-,-,-,-,-,-,-,-,-,-,-,-,-,-,-,-,-,-,-,-,-,-,-,-,-,-,-,-,-,-,1,-,-,-,-,-,-,-,-,-,-,-,-,-,-,-,-,-,-,-,-,-,-,-,-,-,1,-,-,-,-,-,-,-,-,-,-,-,-,-,-,-,-,-,-,-,3,1,4
GBR,3,3,36,38,-,-,4,3,-,-,-,-,1,1,1,1,7,4,-,1,4,2,2,2,1,3,9,6,6,6,1,2,3,1,2,1,-,17,1,-,4,4,2,2,-,-,-,2,-,-,16,16,1,5,-,-,2,2,1,1,1,1,19,22,13,13,8,7,2,2,-,2,-,-,-,-,-,2,17,13,5,1,2,3,2,3,2,1,-,-,-,-,-,4,-,-,-,-,178,197,375
GBS,-,-,1,-,-,-,-,-,-,-,-,-,-,-,-,-,-,-,-,-,-,-,-,-,-,-,-,-,-,-,-,-,-,-,-,-,-,-,-,-,-,-,-,-,-,-,-,-,-,-,-,-,-,1,-,-,-,-,-,-,-,-,-,-,-,-,-,-,-,-,-,-,-,-,-,-,-,-,-,-,-,-,-,-,-,-,-,-,-,-,-,-,-,-,-,-,2,-,3,1,4
GEO,-,-,3,1,-,-,-,-,-,-,-,-,-,-,-,-,3,-,-,-,-,-,-,-,-,-,-,-,-,-,-,-,-,-,-,-,-,-,1,-,-,-,-,-,-,1,-,-,-,-,-,-,7,2,1,-,-,-,-,-,-,-,-,-,-,-,-,-,-,1,-,-,-,-,-,-,-,-,1,-,1,-,-,-,-,-,-,-,-,-,-,-,4,-,-,-,7,-,28,5,33
GEQ,-,-,1,1,-,-,-,-,-,-,-,-,-,-,-,-,-,-,-,-,-,-,-,-,-,-,-,-,-,-,-,-,-,-,-,-,-,-,-,-,-,-,-,-,-,-,-,-,-,-,-,-,-,-,-,-,-,-,-,-,-,-,-,-,-,-,-,-,-,-,-,-,-,-,-,-,-,-,1,-,-,-,-,-,-,-,-,-,-,-,-,-,-,-,-,-,-,-,2,1,3
GER,1,3,40,40,-,-,3,2,-,-,12,-,-,1,-,-,2,1,2,-,3,5,2,2,9,8,8,6,5,4,-,3,4,-,1,2,16,-,8,1,4,4,2,2,-,-,-,-,14,-,18,18,7,6,3,1,2,2,2,2,2,2,18,6,-,-,4,6,3,5,1,1,-,-,1,-,-,-,17,11,6,3,1,-,2,2,3,3,2,4,-,-,2,2,-,-,5,2,234,158,392
GHA,-,-,4,1,-,-,-,-,-,-,-,-,-,-,-,-,3,-,-,-,-,-,-,-,-,-,-,-,-,-,-,-,-,-,-,-,-,-,-,-,-,-,-,-,-,-,-,-,-,-,-,-,1,-,-,-,-,-,-,-,-,-,-,-,-,-,-,-,-,-,-,-,-,-,-,-,-,-,1,1,-,-,-,-,-,-,-,-,-,-,-,-,1,-,-,-,-,-,10,2,12
GRE,-,1,8,12,-,-,-,-,-,-,-,-,-,-,-,-,-,-,-,-,1,-,-,-,-,-,1,-,-,-,-,-,-,-,-,-,-,-,-,1,1,-,-,-,-,-,-,-,-,-,-,-,1,1,-,-,-,-,1,-,1,-,1,3,-,-,4,4,1,1,-,-,-,-,-,-,-,2,8,2,1,1,-,1,-,-,1,-,-,-,-,-,1,-,13,-,1,1,45,30,75
GRN,-,-,3,1,-,-,-,-,-,-,-,-,-,-,-,-,-,-,-,-,-,-,-,-,-,-,-,-,-,-,-,-,-,-,-,-,-,-,-,-,-,-,-,-,-,-,-,-,-,-,-,-,-,-,-,-,-,-,-,-,-,-,-,-,-,-,-,-,-,-,-,-,-,-,-,-,-,-,1,1,-,-,-,-,-,-,-,-,-,-,-,-,-,-,-,-,-,-,4,2,6
GUA,-,-,7,2,-,-,1,1,-,-,-,-,-,-,-,-,-,-,-,-,1,-,-,-,-,-,-,-,-,-,-,-,-,-,-,-,-,-,-,-,-,-,-,-,-,-,-,-,-,-,-,-,1,-,-,-,1,-,-,-,-,-,-,2,-,-,1,1,1,2,-,-,-,-,-,-,-,-,1,1,-,-,-,-,-,-,-,-,-,-,-,-,-,1,-,-,-,-,14,10,24
GUI,-,-,-,1,-,-,-,-,-,-,-,-,-,-,-,-,-,-,-,-,-,-,-,-,-,-,-,-,-,-,-,-,-,-,-,-,-,-,-,-,-,-,-,-,-,-,-,-,-,-,-,-,1,-,-,-,-,-,-,-,-,-,-,-,-,-,-,-,-,-,-,-,-,-,-,-,-,-,1,-,-,-,-,-,-,-,-,-,-,-,-,-,-,-,-,-,-,1,2,2,4
GUM,-,-,-,1,-,-,-,-,-,-,-,-,-,-,-,-,-,-,-,-,-,-,-,-,-,-,-,-,-,-,-,-,-,-,-,-,-,-,-,-,-,-,-,-,-,-,-,-,-,-,-,-,1,-,-,-,-,-,-,-,-,-,-,-,-,-,-,-,-,-,-,-,-,-,-,-,-,-,1,1,-,-,-,-,-,-,-,-,-,-,-,-,-,-,-,-,-,1,2,3,5
GUY,-,-,1,2,-,-,-,-,-,-,-,-,-,-,-,-,1,-,-,-,-,-,-,-,-,-,-,-,-,-,-,-,-,-,-,-,-,-,-,-,-,-,-,-,-,-,-,-,-,-,-,-,-,-,-,-,-,-,-,-,-,-,-,-,-,-,-,-,-,-,-,-,-,-,-,-,-,-,1,1,-,-,-,-,-,-,-,1,-,-,-,-,-,-,-,-,-,-,3,4,7
HAI,-,-,-,1,-,-,-,-,-,-,-,-,-,-,-,-,1,-,-,-,-,-,-,-,-,-,-,-,-,-,-,-,-,-,-,-,-,-,-,-,-,-,-,-,-,-,-,-,-,-,-,-,-,1,-,-,-,-,-,-,-,-,-,-,-,-,-,-,-,-,-,-,-,-,-,-,-,-,1,1,-,-,-,1,-,-,-,-,-,-,-,-,-,-,-,-,-,-,2,4,6
HKG,-,-,1,1,-,-,2,2,-,-,-,-,-,-,-,-,-,-,-,-,1,-,-,-,-,-,-,4,-,-,-,-,-,-,1,-,-,-,4,4,1,-,-,1,-,-,-,-,-,-,-,-,-,-,-,1,-,-,-,-,1,-,-,1,-,-,1,2,-,-,-,-,-,-,-,-,-,-,1,7,-,-,-,-,1,-,3,3,-,-,-,-,-,-,-,-,-,-,17,26,43
HON,-,-,1,-,-,-,-,-,-,-,-,-,-,-,-,-,-,-,-,-,-,-,-,-,-,-,-,-,-,-,-,-,-,-,-,-,19,-,-,-,-,-,-,-,-,-,-,-,-,-,-,-,-,-,-,-,-,-,-,-,-,-,-,-,-,-,-,-,-,-,-,-,-,-,-,-,-,-,1,1,-,-,-,1,-,-,-,-,-,-,-,-,-,-,-,-,-,-,21,2,23
HUN,1,-,7,11,-,-,1,1,-,-,-,-,-,-,-,-,1,-,-,-,1,-,-,-,8,8,-,-,-,-,-,-,-,-,-,-,-,-,5,8,-,1,-,-,-,1,-,-,-,17,-,-,3,4,1,-,2,2,1,1,1,1,1,-,-,-,2,2,2,2,-,-,-,-,-,-,-,-,20,12,-,-,1,-,2,2,2,4,-,-,-,-,1,-,13,13,5,1,81,91,172
INA,3,1,1,1,-,-,7,4,-,-,-,-,-,-,-,-,-,-,-,-,-,-,-,-,-,-,-,-,-,-,-,-,-,-,-,-,-,-,-,-,-,-,-,-,-,-,-,-,-,-,-,-,-,-,-,-,-,-,-,-,-,-,-,2,-,-,-,-,-,1,-,-,-,-,1,-,-,-,1,1,-,-,-,-,-,-,-,-,-,-,-,-,3,2,-,-,-,-,16,12,28
IND,3,1,14,8,-,-,3,1,-,-,-,-,-,-,-,-,5,4,-,-,-,-,-,-,-,-,-,-,-,-,-,-,-,-,1,-,-,-,-,1,-,1,2,2,-,-,-,-,-,-,18,16,-,1,-,-,-,-,-,-,-,-,2,-,-,-,3,1,8,7,-,-,-,-,-,-,-,-,2,1,1,2,-,-,-,-,2,2,-,-,-,-,-,1,-,-,3,4,67,53,120
IRI,1,-,2,1,-,-,-,1,-,-,12,-,-,-,-,-,2,-,-,-,1,-,-,-,1,-,-,-,-,-,-,-,-,-,-,-,-,-,4,-,-,-,-,-,-,-,-,-,-,-,-,-,-,-,1,2,-,-,-,-,-,-,-,1,-,-,-,-,2,4,-,-,-,-,-,-,-,-,1,-,-,-,2,1,-,-,1,-,-,-,12,-,2,-,-,-,11,-,55,10,65
IRL,-,-,13,12,-,-,1,-,-,-,-,-,-,-,-,-,4,3,-,-,3,-,1,-,-,-,2,2,1,1,-,1,4,-,2,1,-,-,-,-,1,1,2,2,-,-,-,-,-,-,-,18,1,1,-,-,-,1,-,-,-,-,4,9,13,-,2,1,1,-,-,-,-,-,-,-,-,-,6,3,-,-,1,-,1,1,-,-,-,-,-,-,-,-,-,-,-,-,63,57,120
IRQ,-,-,1,-,-,-,-,-,-,-,-,-,-,-,-,-,-,-,-,-,-,-,-,-,-,-,-,-,-,-,-,-,-,-,-,-,-,-,-,-,-,-,-,-,-,-,-,-,-,-,-,-,-,-,-,-,-,-,-,-,-,-,1,-,-,-,-,-,-,1,-,-,-,-,-,-,-,-,-,-,-,-,-,-,-,-,-,-,-,-,-,-,-,-,-,-,-,-,2,1,3
ISL,-,-,1,-,-,-,-,-,-,-,-,-,-,-,-,-,-,-,-,-,-,-,-,-,-,-,-,-,-,-,-,-,-,-,-,-,-,-,-,-,-,-,-,-,-,-,-,-,-,-,-,-,-,-,-,-,-,-,-,-,-,-,-,-,-,-,-,-,1,-,-,-,-,-,-,-,-,-,1,1,-,-,-,-,-,-,-,-,-,-,-,-,-,-,-,-,-,-,3,1,4
ISR,1,-,3,6,24,-,1,1,-,-,-,-,-,-,-,-,-,-,-,-,-,1,-,-,-,-,-,-,-,-,-,-,2,1,-,-,-,-,-,-,2,1,-,-,-,7,-,-,-,-,-,-,6,6,-,-,-,-,1,-,1,-,-,-,-,-,1,4,1,-,-,-,-,-,-,1,-,2,9,3,-,-,-,1,2,-,-,-,-,-,-,-,1,-,-,-,-,-,55,34,89
ISV,1,-,1,-,-,-,-,-,-,-,-,-,-,-,-,-,-,-,-,-,-,-,-,-,-,-,-,-,-,-,-,-,-,-,-,-,-,-,-,-,-,-,-,-,-,-,-,-,-,-,-,-,-,-,-,-,-,-,-,-,-,-,-,-,-,-,-,-,-,-,-,-,-,-,-,-,-,-,1,1,-,-,-,-,-,-,-,-,-,-,-,-,-,-,-,-,-,-,3,1,4
ITA,1,3,35,29,-,-,-,-,-,4,12,-,-,-,1,-,-,4,2,1,6,4,1,2,3,1,5,5,2,4,1,-,1,-,-,3,-,-,12,12,2,5,2,2,-,7,-,-,-,-,-,-,4,4,3,2,-,2,3,1,2,1,14,10,-,-,4,5,9,5,2,1,-,15,1,-,-,8,21,15,3,3,2,-,2,3,-,1,4,2,12,12,3,2,13,-,2,-,188,178,366
IVB,-,-,1,1,-,-,-,-,-,-,-,-,-,-,-,-,-,-,-,-,-,-,-,-,-,-,-,-,-,-,-,-,-,-,-,-,-,-,-,-,-,-,-,-,-,-,-,-,-,-,-,-,-,-,-,-,-,-,-,-,-,-,-,-,-,-,-,-,-,-,-,-,-,-,-,-,-,-,-,1,-,-,-,-,-,-,-,-,-,-,-,-,-,-,-,-,-,-,1,2,3
JAM,-,-,21,27,-,-,-,-,-,-,-,-,-,-,-,-,1,-,-,-,-,-,-,-,-,-,-,-,1,-,-,-,-,-,-,-,-,-,-,-,-,1,-,-,-,-,-,-,-,-,-,-,-,1,-,-,-,-,-,-,-,-,-,-,-,-,-,-,-,-,-,-,-,-,-,-,-,-,1,1,-,-,-,-,-,-,-,-,-,-,-,-,-,-,-,-,-,-,24,30,54
JOR,-,-,-,1,-,-,-,-,-,-,-,-,-,-,-,-,5,-,-,-,-,-,-,-,-,-,-,-,-,-,-,-,1,-,-,-,-,-,-,-,-,-,-,-,-,-,-,-,-,-,-,-,1,-,1,-,-,-,-,-,-,-,-,-,-,-,-,-,-,1,-,-,-,-,-,-,-,-,1,1,-,-,1,1,-,-,-,-,-,-,-,-,-,-,-,-,-,-,10,4,14
JPN,3,3,42,21,24,-,6,7,4,4,11,12,1,1,1,1,4,2,2,2,2,2,2,2,5,3,3,3,6,5,3,-,3,-,4,-,19,20,12,9,6,5,2,2,-,7,2,2,15,16,18,18,7,7,4,4,1,2,1,1,1,1,1,2,13,13,8,7,6,6,4,6,-,15,2,2,-,8,17,16,5,6,2,2,2,2,3,3,2,2,12,12,4,3,13,13,6,6,314,286,600
KAZ,3,-,2,8,-,-,-,-,-,-,-,-,-,-,-,-,8,1,1,-,3,-,1,1,2,3,2,-,-,-,-,-,-,-,-,-,-,-,1,-,1,-,-,-,-,1,-,-,-,-,-,-,5,1,3,2,1,1,-,-,1,-,1,-,-,-,-,-,1,2,-,-,-,-,-,-,-,2,1,1,3,4,1,1,-,-,1,1,-,-,-,-,1,1,13,-,8,3,64,33,97
KEN,-,-,20,18,-,-,-,-,-,-,-,-,-,-,-,-,2,2,-,-,-,-,-,-,-,-,-,-,-,-,-,-,-,-,-,-,-,-,-,-,-,-,-,-,-,-,-,-,-,-,-,-,-,-,-,-,-,-,-,-,-,-,-,-,13,13,-,-,-,-,-,-,-,-,-,-,-,-,1,1,-,-,-,1,-,-,-,-,-,2,-,12,-,-,-,-,-,-,36,49,85
KGZ,-,-,1,1,-,-,-,-,-,-,-,-,-,-,-,-,-,-,-,-,-,-,-,-,-,-,-,-,-,-,-,-,-,-,-,-,-,-,1,-,-,-,-,-,-,-,-,-,-,-,-,-,1,-,-,-,-,-,-,-,-,-,-,-,-,-,-,-,-,1,-,-,-,-,-,-,-,-,1,-,-,-,-,-,-,-,-,-,-,-,-,-,1,-,-,-,6,3,11,5,16
KIR,-,-,1,-,-,-,-,-,-,-,-,-,-,-,-,-,-,-,-,-,-,-,-,-,-,-,-,-,-,-,-,-,-,-,-,-,-,-,-,-,-,-,-,-,-,-,-,-,-,-,-,-,-,1,-,-,-,-,-,-,-,-,-,-,-,-,-,-,-,-,-,-,-,-,-,-,-,-,-,-,-,-,-,-,-,-,-,-,-,-,-,-,1,-,-,-,-,-,2,1,3
KOR,3,3,5,2,24,-,3,7,-,-,-,11,-,-,-,-,-,2,1,1,-,1,-,-,1,-,-,1,3,2,1,-,-,-,-,-,20,-,9,9,5,2,2,4,-,-,-,-,-,15,-,-,7,7,1,-,2,2,-,-,-,-,-,1,13,-,4,-,7,8,-,-,-,-,-,-,-,-,7,5,1,-,3,3,-,-,3,3,-,-,-,12,3,4,-,-,2,-,130,105,235
KOS,-,-,1,-,-,-,-,-,-,-,-,-,-,-,-,-,-,1,-,-,-,-,-,-,-,-,-,-,-,-,-,-,-,-,-,-,-,-,-,-,-,-,-,-,-,-,-,-,-,-,-,-,1,4,-,-,-,-,-,-,-,-,-,-,-,-,-,-,1,-,-,-,-,-,-,-,-,-,1,1,-,-,-,-,-,-,-,-,-,-,-,-,-,-,-,-,1,-,5,6,11
KSA,-,-,1,1,-,-,-,-,-,-,-,-,-,-,-,-,-,-,-,-,-,-,-,-,-,-,-,-,-,-,-,-,-,-,-,-,20,-,-,-,-,-,-,-,-,-,-,-,-,-,-,-,1,1,1,-,-,-,-,-,-,-,1,-,-,-,-,-,1,-,-,-,-,-,-,-,-,-,1,-,-,-,-,-,-,-,1,-,-,-,-,-,2,-,-,-,-,-,29,2,31
KUW,-,-,1,1,-,-,-,-,-,-,-,-,-,-,-,-,-,-,-,-,-,-,-,-,-,-,-,-,-,-,-,-,-,-,-,-,-,-,-,-,-,-,-,-,-,-,-,-,-,-,-,-,-,-,1,-,-,-,-,-,-,-,1,-,-,-,-,-,4,-,-,-,-,-,-,-,-,-,1,1,-,-,-,-,-,-,-,-,-,-,-,-,-,-,-,-,-,-,8,2,10
LAO,-,-,-,1,-,-,-,-,-,-,-,-,-,-,-,-,-,-,-,-,-,-,-,-,-,-,-,-,-,-,-,-,-,-,-,-,-,-,-,-,-,-,-,-,-,-,-,-,-,-,-,-,1,-,-,-,-,-,-,-,-,-,-,-,-,-,-,-,-,-,-,-,-,-,-,-,-,-,1,1,-,-,-,-,-,-,-,-,-,-,-,-,-,-,-,-,-,-,2,2,4
LAT,-,-,3,5,-,-,-,-,4,-,-,-,-,-,1,1,-,-,-,-,2,-,-,-,1,-,-,-,-,-,-,-,1,-,-,-,-,-,-,-,-,-,-,-,-,-,-,-,-,-,-,-,-,-,1,-,1,-,-,-,-,-,-,-,-,-,-,-,-,1,-,-,-,-,-,-,-,-,1,1,-,2,-,-,-,-,-,-,2,2,-,-,2,-,-,-,-,1,19,13,32
LBA,-,-,-,1,-,-,-,-,-,-,-,-,-,-,-,-,-,-,-,-,-,-,-,-,-,-,-,-,-,-,-,-,-,-,-,-,-,-,-,-,-,-,-,-,-,-,-,-,-,-,-,-,1,-,-,-,-,-,-,-,-,-,1,-,-,-,-,-,-,-,-,-,-,-,-,-,-,-,1,-,-,-,-,-,-,-,-,-,-,-,-,-,-,-,-,-,-,-,3,1,4
LBN,-,-,1,-,-,-,-,-,-,-,-,-,-,-,-,-,-,-,-,-,-,-,-,-,-,-,-,-,-,-,-,-,-,-,-,-,-,-,-,-,-,-,-,-,-,-,-,-,-,-,-,-,1,-,-,-,-,-,-,-,-,-,-,-,-,-,-,-,-,1,-,-,-,-,-,-,-,-,1,1,-,-,-,-,-,-,-,-,-,-,-,-,-,1,-,-,-,-,3,3,6
LBR,-,-,2,1,-,-,-,-,-,-,-,-,-,-,-,-,-,-,-,-,-,-,-,-,-,-,-,-,-,-,-,-,-,-,-,-,-,-,-,-,-,-,-,-,-,-,-,-,-,-,-,-,-,-,-,-,-,-,-,-,-,-,-,-,-,-,-,-,-,-,-,-,-,-,-,-,-,-,-,-,-,-,-,-,-,-,-,-,-,-,-,-,-,-,-,-,-,-,2,1,3
LCA,-,-,-,1,-,-,-,-,-,-,-,-,-,-,-,-,-,-,-,-,-,-,-,-,-,-,-,-,-,-,-,-,-,-,-,-,-,-,-,-,-,-,-,-,-,-,-,-,-,-,-,-,-,-,-,-,-,-,-,-,-,-,-,-,-,-,1,1,-,-,-,-,-,-,-,-,-,-,1,1,-,-,-,-,-,-,-,-,-,-,-,-,-,-,-,-,-,-,2,3,5
LES,-,-,1,1,-,-,-,-,-,-,-,-,-,-,-,-,-,-,-,-,-,-,-,-,-,-,-,-,-,-,-,-,-,-,-,-,-,-,-,-,-,-,-,-,-,-,-,-,-,-,-,-,-,-,-,-,-,-,-,-,-,-,-,-,-,-,-,-,-,-,-,-,-,-,-,-,-,-,-,-,-,-,-,-,-,-,-,-,-,-,-,-,-,-,-,-,-,-,1,1,2
LIE,-,-,-,-,-,-,-,-,-,-,-,-,-,-,-,-,-,-,-,-,-,-,-,-,-,-,-,-,-,-,-,-,-,-,-,-,-,-,-,-,-,-,-,-,-,-,-,-,-,-,-,-,1,-,-,-,-,-,-,-,-,-,-,-,-,-,-,-,-,-,-,-,-,-,-,-,-,2,1,1,-,-,-,-,-,-,-,-,-,-,-,-,-,-,-,-,-,-,2,3,5
LTU,-,-,6,5,-,-,-,-,-,-,-,-,-,-,-,-,-,-,-,-,1,1,-,-,1,-,-,3,-,-,-,-,-,-,-,-,-,-,-,-,1,-,-,-,-,-,-,-,-,-,-,-,-,1,-,-,1,2,-,-,-,-,7,2,-,-,1,1,1,-,-,-,-,-,-,-,-,-,5,1,-,-,-,-,-,-,-,-,-,-,-,-,1,-,-,-,1,-,26,16,42
LUX,1,-,2,-,-,-,-,-,-,-,-,-,-,-,-,-,-,-,-,-,2,1,-,-,-,-,-,-,-,-,1,-,-,-,-,-,-,-,-,-,-,-,-,-,-,-,-,-,-,-,-,-,-,-,-,-,-,-,-,-,-,-,-,-,-,-,-,-,-,-,-,-,-,-,-,-,-,-,1,1,-,-,-,-,1,-,-,2,-,-,-,-,-,-,-,-,-,-,8,4,12
MAD,-,-,1,-,-,-,-,-,-,-,-,-,-,-,-,-,-,-,-,-,-,-,-,-,-,-,-,-,-,-,-,-,-,-,-,-,-,-,-,-,-,-,-,-,-,-,-,-,-,-,-,-,-,1,-,-,-,-,-,-,-,-,-,-,-,-,-,-,-,-,-,-,-,-,-,-,-,-,1,1,-,-,-,-,-,-,-,-,-,-,-,-,2,-,-,-,-,-,4,2,6
MAR,-,-,12,2,-,-,-,-,-,-,-,-,-,-,-,-,4,2,-,-,1,-,1,1,-,-,-,-,-,-,1,-,3,-,-,-,-,-,1,-,-,-,-,1,-,-,-,-,-,-,-,-,-,2,-,1,-,-,-,-,-,-,-,1,-,-,-,-,-,1,-,-,-,-,1,-,-,-,1,1,-,-,1,2,1,-,-,-,2,-,-,-,1,-,-,-,-,-,30,14,44
MAS,1,1,1,1,-,-,4,4,-,-,-,-,-,-,-,-,-,-,-,-,-,-,-,-,-,-,2,-,-,5,-,-,-,-,-,-,-,-,-,-,1,1,1,1,-,-,-,-,-,-,-,-,-,-,-,-,-,-,-,-,-,-,-,-,-,-,1,3,-,1,-,-,-,-,-,-,-,-,1,1,-,-,-,-,-,-,-,-,-,-,-,-,-,-,-,-,-,-,12,18,30
MAW,1,-,-,1,-,-,-,-,-,-,-,-,-,-,-,-,-,-,-,-,-,-,-,-,-,-,-,-,-,-,-,-,-,-,-,-,-,-,-,-,-,-,-,-,-,-,-,-,-,-,-,-,-,1,-,-,-,-,-,-,-,-,-,-,-,-,-,-,-,-,-,-,-,-,-,-,-,-,1,1,-,-,-,-,-,-,-,-,-,-,-,-,-,-,-,-,-,-,2,3,5
MDA,1,1,2,4,-,-,-,-,-,-,-,-,-,-,-,-,-,-,-,-,-,-,-,-,1,2,-,-,-,-,-,-,-,-,-,-,-,-,-,-,-,-,-,-,-,-,-,-,-,-,-,-,2,-,-,-,-,-,-,-,-,-,-,-,-,-,-,-,-,1,-,-,-,-,-,-,-,-,1,1,-,-,-,-,-,-,-,-,-,-,-,-,1,1,-,-,1,1,9,11,20
MDV,-,-,1,-,-,-,-,1,-,-,-,-,-,-,-,-,-,-,-,-,-,-,-,-,-,-,-,-,-,-,-,-,-,-,-,-,-,-,-,-,-,-,-,-,-,-,-,-,-,-,-,-,-,-,-,-,-,-,-,-,-,-,-,-,-,-,-,-,-,-,-,-,-,-,-,-,-,-,1,1,-,-,-,-,-,-,-,-,-,-,-,-,-,-,-,-,-,-,2,2,4
MEX,1,3,12,8,24,-,1,1,-,-,-,-,-,-,-,-,1,2,-,-,1,1,-,1,-,-,-,2,8,6,-,1,4,-,-,-,20,-,1,-,1,1,2,2,-,1,-,1,-,-,-,-,-,1,-,-,2,2,1,1,1,-,-,1,-,-,2,2,3,2,-,-,-,15,-,-,-,2,2,1,-,2,1,1,2,2,-,-,2,-,-,-,2,2,-,-,1,1,95,65,160
MGL,1,1,2,1,-,-,-,-,-,4,-,-,-,-,-,-,2,1,-,-,-,-,-,-,-,-,-,-,-,-,-,-,-,-,-,-,-,-,-,-,-,-,-,-,-,-,-,-,-,-,-,-,7,5,-,-,-,-,-,-,-,-,-,-,-,-,-,-,1,3,-,-,-,-,-,-,-,-,1,1,-,-,-,-,-,-,1,1,-,-,-,-,-,2,-,-,3,6,18,25,43
MHL,-,-,-,-,-,-,-,-,-,-,-,-,-,-,-,-,-,-,-,-,-,-,-,-,-,-,-,-,-,-,-,-,-,-,-,-,-,-,-,-,-,-,-,-,-,-,-,-,-,-,-,-,-,-,-,-,-,-,-,-,-,-,-,-,-,-,-,-,-,-,-,-,-,-,-,-,-,-,1,1,-,-,-,-,-,-,-,-,-,-,-,-,-,-,-,-,-,-,1,1,2
MKD,-,-,1,-,-,-,-,-,-,-,-,-,-,-,-,-,-,-,-,-,-,-,-,-,-,-,-,-,-,-,-,-,-,-,-,-,-,-,-,-,-,-,-,-,-,-,-,-,-,-,-,-,-,1,-,1,-,-,-,-,-,-,-,-,-,-,-,-,1,-,-,-,-,-,-,-,-,-,1,1,-,-,1,-,-,-,-,-,-,-,-,-,-,-,-,-,1,-,5,3,8
MLI,-,-,1,1,-,-,-,-,-,-,-,-,-,-,-,-,-,-,-,-,-,-,-,-,-,-,-,-,-,-,-,-,-,-,-,-,-,-,-,-,-,-,-,-,-,-,-,-,-,-,-,-,-,-,-,-,-,-,-,-,-,-,-,-,-,-,-,-,-,-,-,-,-,-,-,-,-,-,1,-,-,-,1,-,-,-,-,-,-,-,-,-,-,-,-,-,-,-,3,1,4
MLT,-,-,-,1,-,-,1,-,-,-,-,-,-,-,-,-,-,-,-,-,-,-,-,-,-,-,-,-,-,-,-,-,-,-,-,-,-,-,-,-,-,-,-,-,-,-,-,-,-,-,-,-,-,-,-,-,-,-,-,-,-,-,-,-,-,-,-,-,-,1,-,-,-,-,-,-,-,-,1,1,-,-,-,-,-,-,-,-,-,-,-,-,-,1,-,-,-,-,2,4,6
MNE,-,-,1,1,-,-,-,-,-,-,-,-,-,-,-,-,-,-,-,-,-,-,-,-,-,-,-,-,-,-,-,-,-,-,-,-,-,-,-,-,-,-,-,-,-,-,-,-,-,14,-,-,-,1,-,-,-,-,-,-,-,-,-,-,-,-,1,-,-,1,-,-,-,-,-,-,-,-,1,1,-,-,-,-,-,-,-,-,-,-,-,-,-,-,13,-,-,-,16,18,34
MON,-,-,-,1,-,-,-,-,-,-,-,-,-,-,-,-,-,-,-,-,-,-,-,-,-,-,-,-,-,-,-,-,-,-,-,-,-,-,-,-,-,-,-,-,-,-,-,-,-,-,-,-,1,-,-,-,-,-,-,-,-,-,1,-,-,-,-,-,-,-,-,-,-,-,-,-,-,-,1,1,-,-,-,-,-,-,-,1,-,-,-,-,-,-,-,-,-,-,3,3,6
MOZ,-,-,1,-,-,-,-,-,-,-,-,-,-,-,-,-,-,2,-,-,-,-,-,-,1,-,-,-,-,-,-,-,-,-,-,-,-,-,-,-,-,-,-,-,-,-,-,-,-,-,-,-,1,-,-,-,-,-,-,-,-,-,-,-,-,-,-,3,-,-,-,-,-,-,-,-,-,-,1,1,-,-,-,-,-,-,-,-,-,-,-,-,-,-,-,-,-,-,4,6,10
MRI,-,-,1,-,-,-,1,-,-,-,-,-,-,-,-,-,2,-,-,-,-,-,-,-,-,-,-,-,-,-,-,-,-,-,-,-,-,-,-,-,-,-,-,-,-,-,-,-,-,-,-,-,1,-,-,-,-,-,-,-,-,-,-,-,-,-,-,-,-,-,-,-,-,-,-,-,-,-,1,1,-,-,-,-,-,-,-,-,-,-,-,-,-,1,-,-,-,-,6,2,8
MTN,-,-,1,1,-,-,-,-,-,-,-,-,-,-,-,-,-,-,-,-,-,-,-,-,-,-,-,-,-,-,-,-,-,-,-,-,-,-,-,-,-,-,-,-,-,-,-,-,-,-,-,-,-,-,-,-,-,-,-,-,-,-,-,-,-,-,-,-,-,-,-,-,-,-,-,-,-,-,-,-,-,-,-,-,-,-,-,-,-,-,-,-,-,-,-,-,-,-,1,1,2
MYA,-,-,-,-,-,-,-,1,-,-,-,-,-,-,-,-,-,-,-,-,-,-,-,-,-,-,-,-,-,-,-,-,-,-,-,-,-,-,-,-,-,-,-,-,-,-,-,-,-,-,-,-,-,-,-,-,-,-,-,-,-,-,-,-,-,-,-,-,1,-,-,-,-,-,-,-,-,-,-,-,-,-,-,-,-,-,-,-,-,-,-,-,-,-,-,-,-,-,1,1,2
NAM,-,-,1,3,-,-,-,-,-,-,-,-,-,-,-,-,1,-,-,-,1,1,-,-,-,-,-,-,-,-,-,-,-,-,-,-,-,-,-,-,-,-,-,-,-,-,-,-,-,-,-,-,-,-,-,-,-,-,1,1,1,-,-,1,-,-,-,-,-,-,-,-,-,-,-,-,-,-,-,-,-,-,-,-,-,-,-,-,-,-,-,-,-,-,-,-,-,-,5,6,11
NCA,-,-,1,-,-,-,-,-,-,-,-,-,-,-,-,-,-,-,-,-,-,-,-,-,-,-,-,-,-,-,-,-,-,-,-,-,-,-,-,-,-,-,-,-,-,-,-,-,-,-,-,-,-,1,-,-,-,-,-,-,-,-,1,1,-,-,-,-,1,-,-,-,-,-,-,-,-,-,1,1,-,-,-,-,-,-,-,-,-,-,-,-,-,1,-,-,-,-,4,4,8
NED,3,1,15,20,-,-,2,2,4,-,-,-,-,-,3,3,1,1,-,-,5,4,-,1,-,-,6,4,-,2,2,1,4,-,-,2,-,17,1,-,2,4,-,1,-,-,-,-,-,15,18,16,5,5,-,-,-,-,2,2,1,1,21,14,-,-,4,6,-,-,-,2,-,-,-,-,-,2,7,8,2,2,-,-,2,2,-,1,2,4,-,-,1,-,-,13,-,-,112,155,267
NEP,-,-,-,1,-,-,-,-,-,-,-,-,-,-,-,-,-,-,-,-,-,-,-,-,-,-,-,-,-,-,-,-,-,-,-,-,-,-,-,-,-,-,-,-,-,-,-,-,-,-,-,-,-,1,-,-,-,-,-,-,-,-,-,-,-,-,-,-,-,1,-,-,-,-,-,-,-,-,1,1,-,-,-,-,-,-,-,-,-,-,-,-,-,-,-,-,-,-,1,4,5
NGR,-,-,6,6,-,-,2,1,-,-,12,12,-,-,-,-,-,-,-,-,-,-,-,-,-,1,-,-,-,-,-,-,-,-,-,-,-,-,-,-,1,-,-,-,-,-,-,-,-,-,-,-,-,-,-,-,-,-,-,-,-,-,-,1,-,-,-,-,-,-,-,-,-,-,-,-,-,-,-,1,-,-,-,1,-,-,2,2,-,-,-,-,-,-,-,-,1,4,24,29,53
NIG,-,-,1,1,-,-,-,-,-,-,-,-,-,-,-,-,-,-,-,-,-,-,-,-,-,-,-,-,-,-,-,-,-,-,-,-,-,-,-,-,-,-,-,-,-,-,-,-,-,-,-,-,1,-,-,-,-,-,-,-,-,-,-,-,-,-,-,-,-,-,-,-,-,-,-,-,-,-,1,1,-,-,1,1,-,-,-,-,-,-,-,-,-,-,-,-,-,-,4,3,7
NOR,-,-,10,5,-,-,-,-,-,-,-,-,-,-,1,-,-,-,-,-,4,2,-,-,1,-,-,1,-,1,-,-,1,-,-,-,-,-,-,-,1,1,2,1,-,-,-,-,15,15,-,-,-,-,-,-,-,-,1,-,-,-,7,-,-,-,4,4,3,2,-,-,-,-,-,-,-,-,3,1,-,-,1,-,3,1,-,-,2,-,-,-,-,-,-,-,-,-,59,34,93
NRU,-,-,1,-,-,-,-,-,-,-,-,-,-,-,-,-,-,-,-,-,-,-,-,-,-,-,-,-,-,-,-,-,-,-,-,-,-,-,-,-,-,-,-,-,-,-,-,-,-,-,-,-,-,-,-,-,-,-,-,-,-,-,-,-,-,-,-,-,-,-,-,-,-,-,-,-,-,-,-,-,-,-,-,-,-,-,-,-,-,-,-,-,-,1,-,-,-,-,1,1,2
NZL,-,-,8,5,-,-,-,-,-,-,-,-,-,-,-,1,1,-,-,-,2,-,1,1,2,4,9,7,1,-,-,-,3,1,2,1,17,18,-,-,1,-,1,1,-,-,1,1,-,-,18,18,-,-,-,1,-,-,1,-,-,-,15,15,13,13,7,3,-,2,-,-,-,-,1,1,-,-,2,5,2,-,1,-,2,2,-,-,-,-,-,-,2,2,-,-,-,-,113,102,215
OMA,-,-,1,1,-,-,-,-,-,-,-,-,-,-,-,-,-,-,-,-,-,-,-,-,-,-,-,-,-,-,-,-,-,-,-,-,-,-,-,-,-,-,-,-,-,-,-,-,-,-,-,-,-,-,-,-,-,-,-,-,-,-,-,-,-,-,-,-,1,-,-,-,-,-,-,-,-,-,1,-,-,-,-,-,-,-,-,-,-,-,-,-,1,-,-,-,-,-,4,1,5
PAK,-,-,1,1,-,-,-,1,-,-,-,-,-,-,-,-,-,-,-,-,-,-,-,-,-,-,-,-,-,-,-,-,-,-,-,-,-,-,-,-,-,-,-,-,-,-,-,-,-,-,-,-,1,-,-,-,-,-,-,-,-,-,-,-,-,-,-,-,3,-,-,-,-,-,-,-,-,-,1,1,-,-,-,-,-,-,-,-,-,-,-,-,1,-,-,-,-,-,7,3,10
PAN,-,-,2,2,-,-,-,-,-,-,-,-,-,-,-,-,-,1,-,-,1,-,-,-,-,-,-,-,-,-,-,-,-,-,-,-,-,-,-,-,-,-,-,-,-,-,-,-,-,-,-,-,-,2,-,-,-,-,-,-,-,-,-,-,-,-,-,-,-,-,-,-,-,-,-,-,-,-,1,1,-,-,-,-,-,-,-,-,-,-,-,-,-,-,-,-,-,-,4,6,10
PAR,-,-,1,1,-,-,-,-,-,-,-,-,-,-,-,-,-,-,-,-,-,1,-,-,-,-,-,-,-,-,-,-,-,-,-,-,-,-,-,-,-,-,1,-,-,-,-,-,-,-,-,-,-,-,-,-,-,-,-,-,-,-,-,1,-,-,-,-,-,-,-,-,-,-,-,-,-,-,1,1,-,1,-,-,-,-,-,-,-,-,-,-,-,-,-,-,-,-,3,5,8
PER,-,-,3,5,-,-,-,1,-,-,-,-,-,-,-,-,2,-,-,-,1,-,-,-,-,-,-,-,-,-,-,-,-,-,-,-,-,-,-,1,-,1,-,-,-,-,-,-,-,-,-,-,1,-,-,1,-,-,-,-,-,-,1,-,-,-,1,4,3,-,1,-,-,-,2,2,-,-,1,1,1,-,-,-,-,-,-,-,-,-,-,-,1,-,-,-,1,-,19,16,35
PHI,-,-,1,1,-,-,-,-,-,-,-,-,-,-,-,-,2,2,-,-,-,-,-,-,-,-,-,-,-,-,-,-,-,-,-,-,-,-,-,-,1,-,1,2,-,-,-,-,-,-,-,-,-,1,-,-,-,-,-,-,-,-,1,-,-,-,-,-,1,-,-,1,-,-,-,-,-,-,1,1,-,-,1,-,-,-,-,-,-,-,-,-,-,2,-,-,-,-,9,10,19
PLE,-,-,-,1,-,-,-,-,-,-,-,-,-,-,-,-,-,-,-,-,-,-,-,-,-,-,-,-,-,-,-,-,-,-,-,-,-,-,-,-,-,-,-,-,-,-,-,-,-,-,-,-,1,-,-,-,-,-,-,-,-,-,-,-,-,-,-,-,-,-,-,-,-,-,-,-,-,-,1,1,-,-,-,-,-,-,-,-,-,-,-,-,1,-,-,-,-,-,3,2,5
PLW,-,-,1,-,-,-,-,-,-,-,-,-,-,-,-,-,-,-,-,-,-,-,-,-,-,-,-,-,-,-,-,-,-,-,-,-,-,-,-,-,-,-,-,-,-,-,-,-,-,-,-,-,-,-,-,-,-,-,-,-,-,-,-,-,-,-,-,-,-,-,-,-,-,-,-,-,-,-,1,1,-,-,-,-,-,-,-,-,-,-,-,-,-,-,-,-,-,-,2,1,3
PNG,-,-,-,1,-,-,-,-,-,-,-,-,-,-,-,-,1,-,-,-,-,-,-,-,-,-,-,-,-,-,-,-,-,-,-,-,-,-,-,-,-,-,-,-,-,-,-,-,-,-,-,-,-,-,-,-,-,-,-,-,-,-,-,-,-,-,1,1,-,-,-,-,-,-,-,-,-,-,1,1,-,-,-,-,-,-,-,-,-,-,-,-,1,1,-,-,-,-,4,4,8
POL,1,1,29,29,-,-,-,-,4,-,-,-,-,-,-,-,1,3,-,1,3,3,2,2,3,6,5,4,-,-,-,-,-,-,1,2,-,-,-,5,-,1,1,-,-,-,-,-,-,-,-,-,2,4,-,-,2,1,1,1,-,-,12,8,-,-,3,6,1,4,-,1,-,-,-,-,-,-,13,4,3,3,-,2,-,-,-,3,4,-,12,-,2,1,-,-,3,3,108,98,206
POR,-,-,7,13,-,-,-,-,-,-,-,-,-,-,-,-,-,-,-,-,2,-,1,-,5,2,-,1,-,-,2,1,-,1,-,-,-,-,-,-,-,1,-,-,-,-,1,-,15,-,-,-,2,6,-,-,-,-,-,1,1,1,2,-,-,-,4,1,1,-,1,-,-,-,-,2,-,-,4,3,2,-,1,-,2,1,3,2,-,-,-,-,-,-,-,-,-,-,56,36,92
PUR,-,-,3,1,-,-,-,-,-,-,-,12,-,-,-,-,1,-,-,-,-,-,-,-,-,-,-,-,1,-,-,-,-,-,-,1,-,-,-,-,-,-,1,1,-,-,-,-,-,-,-,-,1,2,-,-,-,-,-,-,-,-,-,1,-,-,1,1,-,1,2,-,-,-,-,-,-,-,1,1,-,-,-,1,-,-,1,2,-,-,-,-,-,-,-,-,1,-,13,24,37
QAT,-,-,7,1,-,-,-,-,-,-,-,-,-,-,-,-,-,-,-,-,-,-,-,-,-,-,-,-,-,-,-,-,-,-,-,-,-,-,-,-,-,-,-,-,-,-,-,-,-,-,-,-,1,-,-,-,-,-,-,-,-,-,-,1,-,-,-,-,1,-,-,-,-,-,-,-,-,-,1,-,-,-,-,-,-,-,-,-,2,-,-,-,1,-,-,-,-,-,13,2,15
ROC,1,3,5,4,-,-,3,1,4,4,-,-,1,1,1,2,7,4,1,2,3,1,1,1,8,7,3,4,4,3,-,3,-,-,2,-,-,-,12,11,6,6,-,-,-,7,2,2,-,15,-,-,7,6,-,-,1,2,1,1,1,1,3,7,-,13,4,2,8,9,-,-,-,-,-,-,-,8,20,15,4,4,3,1,2,2,1,2,4,2,12,12,1,1,-,13,11,6,147,187,334
ROU,-,1,4,5,-,-,-,-,-,4,-,-,-,-,-,-,1,1,-,-,1,-,-,-,2,-,-,-,-,-,-,-,-,-,-,-,20,-,1,1,1,2,-,-,-,-,-,-,-,-,-,-,2,1,-,-,-,-,1,-,-,-,17,19,-,-,-,-,-,1,-,-,-,-,-,-,-,-,3,1,-,3,-,-,1,-,1,3,-,-,-,-,-,-,-,-,2,3,57,45,102
RSA,-,-,24,5,-,-,-,-,-,-,-,-,-,-,1,-,-,-,1,1,3,2,-,-,-,-,2,1,-,2,-,-,-,-,-,1,17,-,-,-,-,2,2,-,-,-,-,-,-,-,18,18,-,1,-,-,-,-,1,1,1,1,6,-,13,-,3,-,-,-,2,1,-,-,-,1,-,2,7,8,-,-,-,-,1,2,-,-,-,-,-,-,-,-,13,13,-,-,115,62,177
RWA,-,-,1,1,-,-,-,-,-,-,-,-,-,-,-,-,-,-,-,-,1,-,-,-,-,-,-,-,-,-,-,-,-,-,-,-,-,-,-,-,-,-,-,-,-,-,-,-,-,-,-,-,-,-,-,-,-,-,-,-,-,-,-,-,-,-,-,-,-,-,-,-,-,-,-,-,-,-,1,1,-,-,-,-,-,-,-,-,-,-,-,-,-,-,-,-,-,-,3,2,5
SAM,-,-,1,-,-,-,-,-,-,-,-,-,-,-,-,-,2,-,-,-,-,-,-,-,2,1,-,-,-,-,-,-,-,-,-,-,-,-,-,-,-,-,-,-,-,-,-,-,-,-,-,-,1,-,-,-,-,-,-,-,-,-,-,-,-,-,1,-,-,-,-,-,-,-,-,-,-,-,-,-,-,-,-,-,-,-,-,-,-,-,-,-,-,-,-,-,-,-,7,1,8
SEN,-,-,1,-,-,-,-,-,-,-,-,-,-,-,-,-,-,-,-,-,-,-,1,-,-,-,-,-,-,-,-,-,-,-,-,-,-,-,-,1,-,-,-,-,-,-,-,-,-,-,-,-,1,-,-,-,-,-,-,-,-,-,-,-,-,-,-,-,-,1,-,-,-,-,-,-,-,-,1,1,-,-,-,-,-,-,1,-,-,-,-,-,-,-,-,-,1,-,6,3,9
SEY,-,-,1,-,-,-,-,-,-,-,-,-,-,-,-,-,-,-,-,-,-,-,-,-,-,-,-,-,-,-,-,-,-,-,-,-,-,-,-,-,-,-,-,-,-,-,-,-,-,-,-,-,1,-,-,-,-,-,-,-,-,-,-,-,-,-,1,-,-,-,-,-,-,-,-,-,-,-,1,1,-,-,-,-,-,-,-,-,-,-,-,-,-,-,-,-,-,-,4,1,5
SGP,-,-,-,1,-,-,1,1,-,-,-,-,-,-,-,-,-,-,-,-,-,-,-,-,-,-,-,-,1,1,-,1,-,-,-,-,-,-,-,2,-,1,-,-,-,-,-,-,-,-,-,-,-,-,-,-,-,-,-,-,-,1,-,1,-,-,1,3,-,1,-,-,-,-,-,-,-,-,2,1,-,-,-,-,-,-,1,3,-,-,-,-,-,-,-,-,-,-,6,17,23
SKN,-,-,1,1,-,-,-,-,-,-,-,-,-,-,-,-,-,-,-,-,-,-,-,-,-,-,-,-,-,-,-,-,-,-,-,-,-,-,-,-,-,-,-,-,-,-,-,-,-,-,-,-,-,-,-,-,-,-,-,-,-,-,-,-,-,-,-,-,-,-,-,-,-,-,-,-,-,-,-,-,-,-,-,-,-,-,-,-,-,-,-,-,-,-,-,-,-,-,1,1,2
SLE,-,-,-,1,-,-,-,-,-,-,-,-,-,-,-,-,-,-,-,-,-,-,-,-,-,-,-,-,-,-,-,-,-,-,-,-,-,-,-,-,-,-,-,-,-,-,-,-,-,-,-,-,-,-,-,-,-,-,-,-,-,-,-,-,-,-,-,-,-,-,-,-,-,-,-,-,-,-,1,1,-,-,-,-,-,-,-,-,-,-,-,-,-,-,-,-,-,-,1,2,3
SLO,1,-,2,5,-,-,-,-,-,-,12,-,-,-,-,-,-,-,-,2,4,1,2,2,-,2,-,-,-,-,-,-,-,-,-,-,-,-,-,-,-,-,-,1,-,1,-,-,-,-,-,-,1,4,-,-,-,-,-,1,-,1,-,-,-,-,1,2,-,1,-,-,-,-,-,-,-,-,1,2,-,-,1,-,-,-,3,-,-,-,-,-,-,-,-,-,-,-,28,25,53
SMR,-,-,-,-,-,-,-,-,-,-,-,-,-,-,-,-,-,-,-,-,-,-,-,-,-,-,-,-,-,-,-,-,-,-,-,-,-,-,-,-,-,-,-,-,-,-,-,-,-,-,-,-,1,-,-,-,-,-,-,-,-,-,-,-,-,-,-,-,1,1,-,-,-,-,-,-,-,-,-,1,-,-,-,-,-,-,-,-,-,-,-,-,-,-,-,-,1,-,3,2,5
SOL,-,-,-,1,-,-,-,-,-,-,-,-,-,-,-,-,-,-,-,-,-,-,-,-,-,-,-,-,-,-,-,-,-,-,-,-,-,-,-,-,-,-,-,-,-,-,-,-,-,-,-,-,-,-,-,-,-,-,-,-,-,-,-,-,-,-,-,-,-,-,-,-,-,-,-,-,-,-,1,-,-,-,-,-,-,-,-,-,-,-,-,-,-,1,-,-,-,-,1,2,3
SOM,-,-,1,-,-,-,-,-,-,-,-,-,-,-,-,-,-,1,-,-,-,-,-,-,-,-,-,-,-,-,-,-,-,-,-,-,-,-,-,-,-,-,-,-,-,-,-,-,-,-,-,-,-,-,-,-,-,-,-,-,-,-,-,-,-,-,-,-,-,-,-,-,-,-,-,-,-,-,-,-,-,-,-,-,-,-,-,-,-,-,-,-,-,-,-,-,-,-,1,1,2
SRB,-,-,2,3,-,-,-,-,4,-,-,12,-,-,-,-,-,1,-,-,-,-,-,-,2,1,-,-,-,-,-,-,-,-,-,-,-,-,-,-,-,-,-,-,-,-,-,-,-,-,-,-,2,3,-,1,-,-,-,-,-,-,2,1,-,-,-,-,3,4,-,-,-,-,-,-,-,-,6,1,2,3,-,2,-,-,3,-,-,-,-,12,-,-,13,-,4,-,43,44,87
SRI,-,-,1,1,-,-,1,-,-,-,-,-,-,-,-,-,-,-,-,-,-,-,-,-,-,-,-,-,-,-,-,-,-,1,-,-,-,-,-,-,-,1,-,-,-,-,-,-,-,-,-,-,1,-,-,-,-,-,-,-,-,-,-,-,-,-,-,-,-,1,-,-,-,-,-,-,-,-,1,1,-,-,-,-,-,-,-,-,-,-,-,-,-,-,-,-,-,-,4,5,9
SSD,-,-,1,1,-,-,-,-,-,-,-,-,-,-,-,-,-,-,-,-,-,-,-,-,-,-,-,-,-,-,-,-,-,-,-,-,-,-,-,-,-,-,-,-,-,-,-,-,-,-,-,-,-,-,-,-,-,-,-,-,-,-,-,-,-,-,-,-,-,-,-,-,-,-,-,-,-,-,-,-,-,-,-,-,-,-,-,-,-,-,-,-,-,-,-,-,-,-,1,1,2
STP,-,-,-,1,-,-,-,-,-,-,-,-,-,-,-,-,-,-,-,-,-,-,-,-,2,-,-,-,-,-,-,-,-,-,-,-,-,-,-,-,-,-,-,-,-,-,-,-,-,-,-,-,-,-,-,-,-,-,-,-,-,-,-,-,-,-,-,-,-,-,-,-,-,-,-,-,-,-,-,-,-,-,-,-,-,-,-,-,-,-,-,-,-,-,-,-,-,-,2,1,3
SUD,-,-,1,-,-,-,-,-,-,-,-,-,-,-,-,-,-,-,-,-,-,-,-,-,-,-,-,-,-,-,-,-,-,-,-,-,-,-,-,-,-,-,-,-,-,-,-,-,-,-,-,-,-,-,-,-,-,-,-,-,-,-,-,1,-,-,-,-,-,-,-,-,-,-,-,-,-,-,1,1,-,-,-,-,-,-,-,-,-,-,-,-,-,-,-,-,-,-,2,2,4
SUI,-,-,8,16,-,-,-,1,-,-,-,-,-,1,2,1,-,-,-,1,4,1,2,2,-,-,6,-,-,1,-,1,4,-,2,2,-,-,4,-,4,1,-,2,-,-,-,-,-,-,-,-,1,1,-,1,-,-,3,3,-,-,6,3,-,-,3,3,-,2,-,-,-,-,-,-,-,-,5,2,-,2,-,-,2,2,-,1,2,4,-,-,-,-,-,-,1,-,59,54,113
SUR,-,-,-,-,-,-,-,-,-,-,-,-,-,-,-,-,-,-,-,-,-,-,-,-,-,-,1,-,-,-,-,-,-,-,-,-,-,-,-,-,-,-,-,-,-,-,-,-,-,-,-,-,-,-,-,-,-,-,-,-,-,-,-,-,-,-,-,-,-,-,-,-,-,-,-,-,-,-,1,-,-,-,-,-,-,-,-,-,-,-,-,-,-,-,-,-,-,-,2,-,2
SVK,-,1,5,4,-,-,-,1,-,-,-,-,-,-,-,-,1,-,-,-,2,-,2,2,5,-,-,-,-,-,-,-,-,-,-,-,-,-,-,-,-,1,1,-,-,-,-,-,-,-,-,-,-,-,-,-,-,-,-,-,-,-,-,-,-,-,-,-,4,3,-,-,-,-,-,-,-,-,1,1,3,-,-,-,-,-,2,1,-,-,-,-,-,-,-,-,1,-,27,14,41
SWE,-,1,12,9,-,-,1,-,-,-,-,-,-,-,-,-,1,1,-,-,-,-,1,-,1,1,-,-,-,1,-,3,2,1,1,3,-,21,-,-,1,1,2,2,-,-,-,-,15,15,-,-,3,1,-,-,-,-,-,1,-,-,-,1,-,-,5,4,1,-,1,-,-,-,-,-,-,-,4,6,-,1,-,-,-,-,3,2,-,-,-,-,-,1,-,-,1,2,55,78,133
SWZ,-,-,1,-,-,-,-,-,-,-,-,-,-,-,-,-,1,-,-,-,-,-,-,-,-,-,-,-,-,-,-,-,-,-,-,-,-,-,-,-,-,-,-,-,-,-,-,-,-,-,-,-,-,-,-,-,-,-,-,-,-,-,-,-,-,-,-,-,-,-,-,-,-,-,-,-,-,-,1,1,-,-,-,-,-,-,-,-,-,-,-,-,-,-,-,-,-,-,3,1,4
SYR,-,-,1,-,-,-,-,-,-,-,-,-,-,-,-,-,-,-,-,-,-,-,-,-,-,-,-,-,-,-,-,-,1,-,-,-,-,-,-,-,-,-,-,-,-,-,-,-,-,-,-,-,-,-,-,-,-,-,-,-,-,-,-,-,-,-,-,-,-,-,-,-,-,-,-,-,-,-,1,-,-,-,-,-,1,-,-,1,-,-,-,-,1,-,-,-,-,-,5,1,6
TAN,-,-,2,1,-,-,-,-,-,-,-,-,-,-,-,-,-,-,-,-,-,-,-,-,-,-,-,-,-,-,-,-,-,-,-,-,-,-,-,-,-,-,-,-,-,-,-,-,-,-,-,-,-,-,-,-,-,-,-,-,-,-,-,-,-,-,-,-,-,-,-,-,-,-,-,-,-,-,-,-,-,-,-,-,-,-,-,-,-,-,-,-,-,-,-,-,-,-,2,1,3
TGA,-,-,1,-,-,-,-,-,-,-,-,-,-,-,-,-,-,-,-,-,-,-,-,-,-,-,-,-,-,-,-,-,-,-,-,-,-,-,-,-,-,-,-,-,-,-,-,-,-,-,-,-,-,-,-,-,-,-,-,-,-,-,-,-,-,-,-,-,-,-,-,-,-,-,-,-,-,-,1,1,-,-,1,1,-,-,-,-,-,-,-,-,-,1,-,-,-,-,3,3,6
THA,-,-,1,1,-,-,2,5,-,-,-,-,-,-,-,1,1,3,-,-,-,1,-,-,-,1,-,-,-,-,-,-,-,-,2,1,-,-,-,-,-,-,2,2,-,-,-,-,-,-,-,-,-,1,-,-,-,-,-,-,-,-,2,-,-,-,1,2,2,4,-,-,-,-,-,-,-,-,1,1,-,-,1,1,-,-,-,2,-,-,-,-,-,-,-,-,-,-,15,26,41
TJK,-,-,1,-,-,-,-,-,-,-,-,-,-,-,-,-,3,-,-,-,-,-,-,-,-,-,-,-,-,-,-,-,-,-,-,-,-,-,-,-,-,-,-,-,-,-,-,-,-,-,-,-,4,-,-,-,-,-,-,-,-,-,-,-,-,-,-,-,-,-,-,-,-,-,-,-,-,-,1,1,-,-,-,-,-,-,-,-,-,-,-,-,-,-,-,-,-,-,9,1,10
TKM,-,-,1,-,-,-,-,-,-,-,-,-,-,-,-,-,-,-,-,-,-,-,-,-,-,-,-,-,-,-,-,-,-,-,-,-,-,-,-,-,-,-,-,-,-,-,-,-,-,-,-,-,-,1,-,-,-,-,-,-,-,-,-,-,-,-,-,-,-,-,-,-,-,-,-,-,-,-,1,1,-,-,-,-,-,-,-,-,-,-,-,-,3,2,-,-,-,-,5,4,9
TLS,-,-,1,-,-,-,-,-,-,-,-,-,-,-,-,-,-,-,-,-,-,-,-,-,-,-,-,-,-,-,-,-,-,-,-,-,-,-,-,-,-,-,-,-,-,-,-,-,-,-,-,-,-,-,-,-,-,-,-,-,-,-,-,-,-,-,-,-,-,-,-,-,-,-,-,-,-,-,1,1,-,-,-,-,-,-,-,-,-,-,-,-,-,-,-,-,-,-,2,1,3
TOG,-,-,1,-,-,-,-,-,-,-,-,-,-,-,-,-,-,-,-,-,-,-,-,-,-,-,-,-,-,-,-,-,-,-,-,-,-,-,-,-,-,-,-,-,-,-,-,-,-,-,-,-,-,-,-,-,-,-,-,-,-,-,-,1,-,-,-,-,-,-,-,-,-,-,-,-,-,-,1,-,-,-,-,-,-,-,1,-,-,-,-,-,-,-,-,-,-,-,3,1,4
TPE,3,3,5,1,-,-,4,1,-,-,-,-,-,-,-,-,-,4,-,-,1,-,-,1,-,-,-,-,-,-,-,-,-,1,-,-,-,-,-,-,4,1,1,2,-,-,-,-,-,-,-,-,1,2,1,1,-,-,-,-,-,-,-,1,-,-,-,-,2,3,-,-,-,-,-,-,-,-,2,1,1,4,2,2,-,-,3,3,-,-,-,-,3,4,-,-,-,-,33,35,68
TTO,-,-,10,6,-,-,-,-,-,-,-,-,-,-,-,-,1,-,-,-,-,1,-,-,-,-,2,-,-,-,-,-,-,-,-,-,-,-,-,-,-,-,-,-,-,-,-,-,-,-,-,-,-,1,-,-,-,-,-,-,-,-,-,1,-,-,1,-,-,-,-,-,-,-,-,-,-,-,1,1,-,-,-,-,-,-,-,-,-,-,-,-,-,-,-,-,-,-,15,10,25
TUN,1,1,2,1,-,-,-,-,-,-,-,-,-,-,-,-,-,2,-,-,-,-,-,-,2,2,-,-,-,-,-,-,-,-,-,-,-,-,2,6,-,-,-,-,-,-,-,-,-,-,-,-,-,3,-,-,-,-,-,-,1,-,-,2,-,-,1,3,1,1,-,-,-,-,-,-,-,-,1,-,-,1,1,-,-,-,1,1,-,-,12,-,3,2,-,-,6,4,34,29,63
TUR,1,1,15,8,-,-,-,1,-,-,-,-,-,-,-,-,3,3,-,-,2,-,-,-,-,-,-,-,-,-,-,-,-,-,-,-,-,-,-,1,4,1,-,-,-,-,-,-,-,-,-,-,4,2,3,4,-,1,-,-,-,-,1,-,-,-,4,4,4,-,-,-,-,-,-,-,-,-,6,5,-,-,1,4,-,-,-,-,-,-,-,11,1,1,-,-,7,2,56,49,105
TUV,-,-,1,1,-,-,-,-,-,-,-,-,-,-,-,-,-,-,-,-,-,-,-,-,-,-,-,-,-,-,-,-,-,-,-,-,-,-,-,-,-,-,-,-,-,-,-,-,-,-,-,-,-,-,-,-,-,-,-,-,-,-,-,-,-,-,-,-,-,-,-,-,-,-,-,-,-,-,-,-,-,-,-,-,-,-,-,-,-,-,-,-,-,-,-,-,-,-,1,1,2
UAE,-,-,1,-,-,-,-,-,-,-,-,-,-,-,-,-,-,-,-,-,-,-,-,-,-,-,-,-,-,-,-,-,-,-,-,-,-,-,-,-,-,-,-,-,-,-,-,-,-,-,-,-,2,-,-,-,-,-,-,-,-,-,-,-,-,-,-,-,1,-,-,-,-,-,-,-,-,-,1,-,-,-,-,-,-,-,-,-,-,-,-,-,-,-,-,-,-,-,5,-,5
UGA,-,-,9,10,-,-,-,-,-,-,-,-,-,-,-,-,2,1,-,-,-,-,-,-,-,-,-,-,-,-,-,-,-,-,-,-,-,-,-,-,-,-,-,-,-,-,-,-,-,-,-,-,-,-,-,-,-,-,-,-,-,-,-,1,-,-,-,-,-,-,-,-,-,-,-,-,-,-,1,1,-,-,-,-,-,-,-,-,-,-,-,-,-,-,-,-,-,-,12,13,25
UKR,1,3,17,24,-,-,1,1,-,-,-,-,-,-,-,-,4,1,-,-,1,1,-,1,3,7,-,2,3,3,-,1,1,-,-,-,-,-,4,2,4,1,-,-,-,7,1,-,-,-,-,-,4,3,1,2,1,-,-,1,-,1,2,-,-,-,-,-,4,2,-,-,-,-,-,-,-,8,6,1,-,4,-,-,-,-,1,2,-,-,-,-,-,2,-,-,5,5,64,85,149
URU,-,-,1,2,-,-,-,-,-,-,-,-,-,-,-,-,-,-,-,-,-,-,-,-,-,-,-,-,-,-,-,-,-,-,-,-,-,-,-,-,-,-,-,-,-,-,-,-,-,-,-,-,1,-,-,-,-,-,-,-,-,-,2,-,-,-,1,2,-,-,-,-,-,-,-,-,-,-,1,1,-,-,-,-,-,-,-,-,-,-,-,-,-,-,-,-,-,-,6,5,11
USA,3,3,61,65,22,-,3,1,-,4,12,12,2,2,2,3,5,5,2,2,2,5,2,1,-,1,2,6,5,6,1,2,2,2,3,-,-,21,11,12,5,6,4,4,-,7,1,1,-,-,-,-,1,3,3,1,1,1,1,3,1,2,13,24,13,13,6,7,11,9,6,6,-,15,2,2,-,2,24,26,6,5,-,2,2,3,3,3,4,4,12,12,4,4,13,13,9,6,285,336,621
UZB,-,-,2,5,-,-,-,-,-,-,-,-,-,-,-,-,8,3,-,-,1,1,-,-,-,2,-,-,-,-,-,-,-,-,-,-,-,-,1,2,1,1,-,-,-,6,-,-,-,-,-,-,7,3,-,-,1,1,-,-,-,-,2,-,-,-,-,-,-,1,-,-,-,-,-,-,-,-,1,1,1,-,2,2,-,-,-,-,-,-,-,-,2,2,-,-,8,-,37,30,67
VAN,-,-,-,-,-,-,-,-,-,-,-,-,-,-,-,-,-,-,-,-,-,-,-,-,-,-,-,-,-,-,-,-,-,-,-,-,-,-,-,-,-,-,-,-,-,-,-,-,-,-,-,-,1,-,-,-,-,-,-,-,-,-,1,-,-,-,-,-,-,-,-,-,-,-,-,-,-,-,-,-,-,-,-,-,-,-,1,-,-,-,-,-,-,-,-,-,-,-,3,-,3
VEN,-,-,-,4,-,-,-,-,-,-,-,-,1,-,-,-,2,1,-,-,1,-,-,-,-,-,-,-,1,-,-,-,-,-,-,-,-,-,2,-,-,-,1,-,-,-,-,-,-,-,-,-,-,3,2,1,-,-,-,-,-,1,2,-,-,-,1,-,1,-,-,-,-,-,-,-,-,-,2,1,-,-,-,-,-,-,-,-,-,-,12,-,2,2,-,-,-,-,30,13,43
VIE,1,1,-,1,-,-,1,1,-,-,-,-,-,-,-,-,1,1,-,-,-,-,-,-,-,-,-,-,-,-,-,-,-,-,-,-,-,-,-,-,2,-,-,-,-,-,-,-,-,-,-,-,-,1,-,-,-,-,-,-,-,-,-,2,-,-,-,-,1,-,-,-,-,-,-,-,-,-,1,1,-,-,-,1,-,-,-,-,-,-,-,-,1,1,-,-,-,-,8,10,18
VIN,-,-,-,1,-,-,-,-,-,-,-,-,-,-,-,-,-,-,-,-,-,-,-,-,-,-,-,-,-,-,-,-,-,-,-,-,-,-,-,-,-,-,-,-,-,-,-,-,-,-,-,-,-,-,-,-,-,-,-,-,-,-,-,-,-,-,-,-,-,-,-,-,-,-,-,-,-,-,1,1,-,-,-,-,-,-,-,-,-,-,-,-,-,-,-,-,-,-,1,2,3
YEM,-,-,1,-,-,-,-,-,-,-,-,-,-,-,-,-,-,-,-,-,-,-,-,-,-,-,-,-,-,-,-,-,-,-,-,-,-,-,-,-,-,-,-,-,-,-,-,-,-,-,-,-,1,-,-,-,-,-,-,-,-,-,-,-,-,-,-,-,-,1,-,-,-,-,-,-,-,-,1,1,-,-,-,-,-,-,-,-,-,-,-,-,-,-,-,-,-,-,3,2,5
ZAM,-,-,1,1,-,-,-,-,-,-,-,-,-,-,-,-,3,-,-,-,-,-,-,-,-,-,-,-,-,-,-,-,-,-,-,-,-,19,-,-,-,-,-,-,-,-,-,-,-,-,-,-,1,-,-,-,-,-,-,-,-,-,-,-,-,-,-,-,-,-,-,-,-,-,-,-,-,-,1,1,-,-,-,-,-,-,-,-,-,-,-,-,-,-,-,-,-,-,6,21,27
ZIM,-,-,1,-,-,-,-,-,-,-,-,-,-,-,-,-,-,-,-,-,-,-,-,-,-,-,-,-,-,-,-,-,-,-,-,-,-,-,-,-,-,-,1,-,-,-,-,-,-,-,-,-,-,-,-,-,-,-,-,-,-,-,1,-,-,-,-,-,-,-,-,-,-,-,-,-,-,-,1,1,-,-,-,-,-,-,-,-,-,-,-,-,-,-,-,-,-,-,4,1,5
,64,64,1012,901,142,-,86,86,32,32,143,142,9,9,24,24,187,102,20,20,129,70,41,41,126,122,102,91,71,72,22,36,76,13,43,23,296,228,133,128,98,98,60,60,-,96,16,16,183,182,213,209,197,191,42,39,36,36,38,38,26,25,266,257,156,155,175,175,178,177,40,40,-,90,19,20,-,98,477,398,96,94,65,64,55,54,85,88,48,46,143,143,98,96,156,130,191,96,5910,5409,11319
,128,128,1913,1913,142,142,172,172,64,64,285,285,18,18,48,48,289,289,40,40,199,199,82,82,248,248,193,193,143,143,58,58,89,89,66,66,524,524,261,261,196,196,120,120,96,96,32,32,365,365,422,422,388,388,81,81,72,72,76,76,51,51,523,523,311,311,350,350,355,355,80,80,90,90,39,39,98,98,875,875,190,190,129,129,109,109,173,173,94,94,286,286,194,194,286,286,287,287,5910,5409,11319
